Temperature,Humidity,Rainfall,PH,Nitrogen,Phosphorous,Potassium,Soil,Crop
20.88,82.0,202.94,6.5,69.3,79.5,94.44,Loamy,paddy
21.77,80.32,226.66,7.04,72.02,141.82,141.7,Loamy,paddy
23.0,82.32,263.96,7.63,77.77,59.39,81.89,Peaty,paddy
26.49,80.28,242.86,6.98,78.65,147.46,142.94,Loamy,paddy
20.28,81.6,262.72,7.63,73.98,68.95,95.74,Peaty,paddy
23.06,83.37,251.05,7.07,76.81,140.94,140.61,Loamy,paddy
22.71,82.64,271.32,5.7,78.29,49.08,67.85,Peaty,paddy
20.28,82.89,241.97,5.72,72.6,49.41,65.18,Peaty,paddy
24.52,83.54,230.45,6.69,76.22,109.64,137.65,Loamy,paddy
23.22,83.03,221.21,6.34,73.7,67.53,84.44,Peaty,paddy
26.53,81.42,264.61,5.39,81.75,45.13,61.86,Peaty,paddy
23.98,81.45,250.08,7.5,77.14,78.59,106.31,Peaty,paddy
26.73,80.89,284.44,5.11,83.54,42.92,60.05,Acidic,paddy
24.01,82.06,185.28,6.98,70.28,146.82,147.49,Loamy,paddy
25.67,80.66,209.59,6.95,74.11,144.69,147.52,Loamy,paddy
24.28,80.3,231.09,7.04,75.03,147.46,143.88,Loamy,paddy
21.59,82.79,276.66,6.25,77.47,63.07,89.12,Peaty,paddy
23.79,80.42,206.26,6.97,71.93,143.04,146.95,Loamy,paddy
21.87,80.28,224.56,5.95,71.87,53.0,68.62,Peaty,paddy
23.58,83.59,290.71,5.85,81.9,51.88,73.89,Acidic,paddy
21.33,80.47,185.5,6.44,69.28,73.3,84.36,Acidic,paddy
25.16,83.12,231.38,5.11,76.88,42.92,57.1,Peaty,paddy
21.95,80.97,213.36,6.01,71.07,54.6,68.81,Peaty,paddy
21.05,82.68,233.11,6.25,72.54,63.25,81.67,Peaty,paddy
23.48,81.33,224.06,7.38,73.78,94.98,119.56,Loamy,paddy
25.08,80.52,257.0,7.63,78.83,61.01,83.99,Peaty,paddy
26.36,84.04,271.36,6.29,83.4,65.34,90.71,Peaty,paddy
24.53,80.54,260.26,7.07,78.57,146.93,144.83,Loamy,paddy
20.78,84.5,240.08,6.24,73.41,63.57,82.39,Peaty,paddy
22.3,80.64,197.98,6.04,69.78,55.29,67.59,Peaty,paddy
21.45,84.6,272.2,5.82,77.55,51.68,70.88,Peaty,paddy
22.18,80.33,200.09,6.36,69.81,67.5,81.52,Acidic,paddy
24.53,82.74,224.68,6.36,75.33,69.04,87.11,Acidic,paddy
20.28,81.64,270.44,5.11,74.86,42.92,58.16,Acidic,paddy
25.74,83.88,233.13,6.15,77.96,59.59,76.54,Peaty,paddy
26.73,82.15,193.35,5.95,73.64,53.49,64.57,Peaty,paddy
26.73,81.18,272.3,5.96,82.86,53.42,74.92,Peaty,paddy
23.86,83.15,285.25,5.56,81.45,47.34,66.44,Peaty,paddy
21.02,82.95,290.71,7.42,78.91,89.79,135.59,Loamy,paddy
24.17,83.73,257.03,5.58,78.9,47.73,64.19,Peaty,paddy
22.78,82.07,248.72,6.43,75.83,73.19,98.18,Peaty,paddy
25.63,83.53,209.9,5.53,74.96,47.1,59.1,Peaty,paddy
25.6,80.28,200.83,6.9,72.89,146.73,143.95,Loamy,paddy
23.83,84.6,290.71,6.27,83.52,64.93,94.64,Peaty,paddy
26.31,82.37,265.54,7.22,81.97,140.17,143.84,Loamy,paddy
24.9,80.53,185.2,6.13,70.46,57.91,68.29,Peaty,paddy
24.96,84.48,196.96,5.21,73.07,44.13,57.1,Peaty,paddy
23.24,84.59,233.05,7.63,75.45,62.45,79.73,Peaty,paddy
21.67,80.71,210.81,7.06,70.48,140.68,143.14,Loamy,paddy
24.64,80.41,253.72,7.63,77.92,63.03,86.32,Peaty,paddy
23.43,83.06,219.9,5.29,73.78,44.54,57.11,Peaty,paddy
20.28,80.35,208.58,6.77,69.28,133.12,147.52,Loamy,paddy
23.86,82.23,195.09,7.38,71.26,94.45,107.96,Loamy,paddy
21.97,81.9,227.36,5.66,72.73,48.31,62.59,Acidic,paddy
26.23,83.84,286.51,5.54,83.54,47.27,66.23,Acidic,paddy
23.45,84.6,283.93,6.22,81.36,62.41,88.23,Peaty,paddy
25.66,83.47,217.38,7.12,75.86,147.46,144.52,Loamy,paddy
24.44,82.45,267.98,5.95,80.01,53.57,74.05,Acidic,paddy
20.28,82.12,191.95,7.24,69.28,134.08,147.52,Loamy,paddy
21.72,80.28,277.96,6.5,76.92,78.31,114.38,Loamy,paddy
20.41,82.21,245.15,7.59,72.86,71.62,95.17,Peaty,paddy
25.76,83.52,245.66,5.88,79.36,52.28,69.12,Peaty,paddy
20.62,83.77,279.55,6.93,76.82,140.23,147.52,Loamy,paddy
21.84,80.73,202.38,6.95,69.82,143.41,145.36,Loamy,paddy
20.28,83.29,263.64,5.74,74.5,49.82,67.88,Peaty,paddy
24.46,82.75,185.2,6.74,70.53,124.99,133.14,Loamy,paddy
21.14,80.34,198.67,5.59,69.28,47.15,58.85,Peaty,paddy
25.79,82.11,243.51,6.95,78.65,144.93,144.94,Loamy,paddy
23.64,80.29,263.11,5.11,77.74,42.92,57.65,Peaty,paddy
23.43,80.57,269.5,6.36,78.27,67.97,96.45,Peaty,paddy
24.98,83.89,204.8,6.88,73.84,147.45,140.24,Loamy,paddy
22.73,82.17,260.89,7.3,77.07,112.06,145.44,Loamy,paddy
24.87,82.84,290.71,6.59,83.54,90.31,135.65,Loamy,paddy
21.32,83.0,192.32,7.28,69.28,117.76,130.37,Loamy,paddy
26.29,84.57,257.49,7.02,81.81,146.63,140.52,Loamy,paddy
22.23,81.86,278.08,6.94,78.11,147.46,147.13,Loamy,paddy
26.73,81.79,280.4,7.63,83.54,58.25,83.05,Peaty,paddy
24.89,81.98,185.95,5.11,71.08,42.92,57.1,Peaty,paddy
26.73,81.46,194.58,6.14,73.67,58.29,70.03,Peaty,paddy
22.68,83.73,200.91,7.52,71.19,77.93,91.12,Peaty,paddy
26.09,80.38,185.2,5.71,71.31,48.65,58.86,Peaty,paddy
25.43,82.95,195.36,5.76,72.89,50.04,60.98,Peaty,paddy
26.4,81.06,223.37,6.35,76.56,67.39,85.79,Acidic,paddy
26.04,84.6,186.75,6.0,72.96,55.49,64.9,Peaty,paddy
25.28,80.54,220.12,5.45,74.9,45.63,58.98,Peaty,paddy
22.09,83.47,231.74,6.37,73.73,69.91,89.25,Acidic,paddy
23.29,81.43,242.32,5.11,75.53,42.92,57.1,Acidic,paddy
25.49,81.41,185.2,5.94,71.05,52.94,62.87,Peaty,paddy
23.68,81.04,233.7,5.18,74.91,43.34,57.1,Acidic,paddy
20.82,84.13,230.22,6.46,72.41,76.95,97.1,Peaty,paddy
26.73,81.91,290.68,7.07,83.54,141.69,147.52,Loamy,paddy
23.84,83.88,241.2,7.47,76.79,83.19,107.97,Loamy,paddy
26.53,80.28,218.92,6.16,75.85,58.56,74.68,Peaty,paddy
26.46,83.86,248.23,7.55,80.6,75.75,100.19,Peaty,paddy
22.7,82.81,257.0,6.03,76.84,55.57,75.26,Peaty,paddy
22.68,83.46,194.27,6.6,70.43,93.39,105.57,Loamy,paddy
21.53,82.14,290.71,6.5,79.08,79.32,118.97,Loamy,paddy
21.41,83.33,287.58,5.94,78.5,53.49,76.03,Acidic,paddy
26.54,84.6,185.2,7.07,72.93,147.46,141.87,Loamy,paddy
23.36,83.6,188.41,5.33,70.44,45.05,57.1,Peaty,paddy
31.48,50.66,81.96,6.9,56.97,147.04,143.13,Neutral,wheat
23.22,59.32,108.66,6.28,58.32,54.62,60.04,Acidic,wheat
22.72,59.08,96.15,6.78,57.17,109.77,97.7,Neutral,wheat
29.14,52.03,83.13,6.64,57.0,72.89,70.45,Neutral,wheat
22.45,59.48,102.57,6.62,57.67,77.57,76.17,Neutral,wheat
33.23,51.19,100.92,6.53,59.72,62.99,68.91,Neutral,wheat
26.65,57.8,101.24,6.86,58.66,146.45,139.68,Neutral,wheat
29.37,54.47,146.99,6.66,63.06,78.33,97.97,Neutral,wheat
32.89,53.11,82.67,6.4,58.02,56.72,58.49,Acidic,wheat
26.16,58.43,114.52,6.48,59.73,63.64,69.31,Acidic,wheat
32.79,52.11,137.31,6.46,63.03,59.1,74.09,Acidic,wheat
30.85,54.23,158.34,6.33,64.72,54.12,71.3,Acidic,wheat
32.81,59.48,135.89,6.37,64.81,58.45,68.74,Acidic,wheat
21.64,52.16,127.95,6.9,58.02,147.04,145.33,Neutral,wheat
21.56,58.24,120.31,6.64,58.39,78.71,84.72,Neutral,wheat
24.92,56.57,157.63,6.58,62.35,70.13,89.69,Neutral,wheat
23.37,51.44,119.42,6.29,57.97,51.75,62.44,Acidic,wheat
32.61,53.43,129.08,6.43,62.5,58.25,70.33,Acidic,wheat
32.99,56.91,157.82,6.72,64.89,91.06,115.26,Neutral,wheat
21.32,50.77,84.1,6.9,55.8,140.17,144.06,Neutral,wheat
32.29,57.77,107.7,6.18,61.16,51.05,57.44,Acidic,wheat
31.86,58.78,139.41,6.77,64.5,105.75,119.84,Neutral,wheat
21.32,52.6,88.64,6.36,55.8,54.61,58.43,Acidic,wheat
30.2,50.54,159.64,6.41,63.43,55.44,76.0,Acidic,wheat
32.84,57.0,138.86,6.09,64.44,48.08,59.57,Acidic,wheat
28.65,56.6,136.3,6.54,62.28,66.88,79.47,Neutral,wheat
33.21,52.52,158.91,6.55,64.89,64.89,86.92,Neutral,wheat
30.88,58.22,104.8,6.55,60.47,68.54,70.84,Neutral,wheat
23.27,55.63,144.79,6.23,60.41,51.69,65.09,Acidic,wheat
26.93,54.04,102.99,6.59,58.33,69.85,73.75,Neutral,wheat
33.23,59.47,133.38,6.64,64.89,79.62,89.46,Neutral,wheat
21.32,53.97,125.29,6.21,57.55,50.42,61.07,Acidic,wheat
26.09,56.07,152.1,6.09,62.36,47.89,60.45,Acidic,wheat
22.09,56.25,84.3,6.88,55.82,143.07,130.36,Neutral,wheat
33.23,54.16,159.64,6.38,64.89,56.1,74.2,Acidic,wheat
28.53,51.51,81.96,6.86,56.46,143.15,117.26,Neutral,wheat
28.01,55.17,115.44,6.83,59.91,127.85,131.0,Neutral,wheat
27.04,59.13,144.13,6.25,62.81,53.78,65.76,Acidic,wheat
33.13,50.54,102.09,6.69,59.4,78.37,83.87,Neutral,wheat
31.62,51.09,135.24,6.58,62.14,66.77,83.26,Neutral,wheat
27.51,54.02,114.85,6.16,59.48,49.33,58.27,Acidic,wheat
24.33,56.12,109.14,6.1,58.28,48.78,56.23,Acidic,wheat
28.72,59.38,121.48,6.74,61.51,99.52,103.22,Neutral,wheat
25.28,51.2,96.53,6.29,56.94,51.67,58.16,Acidic,wheat
30.83,56.66,153.48,6.48,64.89,62.52,79.16,Acidic,wheat
24.78,54.87,159.64,6.32,62.22,54.35,71.91,Acidic,wheat
21.32,50.55,81.96,6.4,55.8,55.09,56.93,Acidic,wheat
22.71,51.51,82.51,6.19,55.8,49.02,53.65,Acidic,wheat
28.99,57.96,154.1,6.6,64.39,73.3,91.16,Neutral,wheat
26.67,54.11,81.96,6.09,56.23,47.92,53.65,Acidic,wheat
26.45,51.15,85.88,6.36,56.45,54.13,58.0,Acidic,wheat
25.15,51.55,100.06,6.09,57.21,47.89,54.69,Acidic,wheat
22.15,58.34,105.76,6.62,57.59,76.66,77.59,Neutral,wheat
22.16,58.91,103.42,6.54,57.5,68.43,69.99,Neutral,wheat
25.99,52.62,124.92,6.6,59.49,69.71,81.9,Neutral,wheat
27.66,53.93,85.78,6.28,57.11,52.35,55.8,Acidic,wheat
28.6,57.85,146.32,6.16,63.45,50.65,63.21,Acidic,wheat
21.81,50.54,138.21,6.51,58.46,60.73,77.38,Neutral,wheat
24.59,50.54,98.73,6.51,56.78,60.62,66.74,Neutral,wheat
28.76,58.85,116.13,6.23,60.92,52.82,60.02,Acidic,wheat
25.54,53.97,89.72,6.18,56.87,49.71,54.56,Acidic,wheat
28.87,50.54,89.11,6.46,57.22,57.96,61.92,Acidic,wheat
23.21,57.76,135.66,6.33,60.1,55.71,66.84,Acidic,wheat
30.03,57.17,128.21,6.67,62.23,81.97,91.8,Neutral,wheat
22.69,53.86,140.4,6.21,59.53,50.54,63.8,Acidic,wheat
21.82,59.48,139.15,6.85,60.06,147.04,145.33,Neutral,wheat
21.73,55.22,123.96,6.32,58.26,54.41,64.35,Acidic,wheat
31.76,57.73,82.1,6.2,58.36,51.6,53.66,Acidic,wheat
31.33,54.18,144.8,6.62,63.65,72.96,91.03,Neutral,wheat
32.25,53.68,106.08,6.8,60.2,112.54,112.49,Neutral,wheat
21.32,55.51,100.66,6.48,56.33,61.82,65.64,Acidic,wheat
28.91,54.11,153.13,6.29,63.31,52.85,68.74,Acidic,wheat
21.33,50.74,86.55,6.09,55.8,47.89,53.65,Acidic,wheat
23.42,59.48,131.96,6.21,60.3,52.83,62.32,Acidic,wheat
33.23,56.78,91.73,6.76,59.8,100.06,90.3,Neutral,wheat
23.92,52.28,137.35,6.76,59.54,94.03,114.76,Neutral,wheat
23.58,55.63,141.37,6.56,60.3,68.22,83.17,Neutral,wheat
23.94,54.87,146.66,6.9,60.7,147.04,144.03,Neutral,wheat
22.71,54.72,94.83,6.09,56.55,47.89,53.65,Acidic,wheat
27.63,52.23,100.32,6.42,58.04,57.14,63.17,Acidic,wheat
30.88,52.7,159.64,6.9,64.73,144.31,145.33,Neutral,wheat
21.61,57.22,141.84,6.48,59.75,62.86,76.21,Acidic,wheat
33.23,56.05,118.56,6.63,62.44,75.03,82.33,Neutral,wheat
29.9,58.18,159.64,6.9,64.89,141.06,143.61,Neutral,wheat
28.39,56.65,138.01,6.27,62.33,53.25,65.17,Acidic,wheat
28.69,59.48,97.93,6.9,59.36,147.04,145.33,Neutral,wheat
24.27,52.1,95.84,6.35,56.73,54.02,59.64,Acidic,wheat
25.41,57.41,92.07,6.54,57.46,67.07,66.42,Neutral,wheat
29.83,52.92,81.96,6.19,56.95,49.7,53.65,Acidic,wheat
21.44,58.82,128.86,6.41,59.03,59.95,69.16,Acidic,wheat
30.34,51.68,90.2,6.84,57.86,127.66,115.75,Neutral,wheat
22.41,57.24,159.64,6.69,61.61,84.97,109.53,Neutral,wheat
22.66,51.52,145.31,6.3,59.43,52.02,67.61,Acidic,wheat
27.74,56.39,111.38,6.09,59.68,47.89,55.26,Acidic,wheat
30.85,57.49,86.4,6.9,58.51,146.97,145.32,Neutral,wheat
27.94,58.04,103.06,6.76,59.29,103.0,97.61,Neutral,wheat
25.59,53.57,156.97,6.51,61.95,62.53,82.37,Neutral,wheat
21.97,55.48,103.88,6.11,57.03,48.69,55.55,Acidic,wheat
28.13,51.23,140.91,6.33,61.28,53.01,68.13,Acidic,wheat
32.83,57.87,128.89,6.9,63.6,142.74,145.33,Neutral,wheat
27.43,87.81,54.73,7.17,57.32,148.69,79.38,Loamy,mungbean
28.33,80.77,38.8,7.03,54.93,146.06,144.76,Neutral,mungbean
27.11,84.34,55.3,6.64,57.0,99.51,60.25,Neutral,mungbean
28.17,81.05,37.23,6.83,54.88,144.49,68.21,Loamy,mungbean
29.87,87.33,44.75,6.89,56.49,143.96,94.63,Loamy,mungbean
29.87,89.72,42.99,7.17,56.41,147.35,74.72,Loamy,mungbean
28.56,83.25,56.48,6.94,57.46,145.37,141.38,Loamy,mungbean
27.54,85.57,53.02,7.17,56.94,144.97,75.93,Neutral,mungbean
29.68,87.94,41.82,6.99,56.07,148.1,140.61,Loamy,mungbean
28.14,82.12,46.76,7.06,56.0,148.81,136.23,Neutral,mungbean
29.53,86.73,58.55,7.16,58.24,145.15,90.99,Loamy,mungbean
27.88,86.45,44.64,6.36,55.98,70.84,49.37,Acidic,mungbean
28.22,82.36,44.01,6.43,55.68,73.2,50.26,Acidic,mungbean
29.01,84.96,45.91,6.66,56.29,105.9,58.23,Neutral,mungbean
29.76,86.45,37.55,6.64,55.37,101.58,53.82,Neutral,mungbean
29.78,85.17,40.78,6.79,55.75,145.6,66.38,Loamy,mungbean
27.86,80.45,42.83,6.85,55.33,140.42,78.82,Neutral,mungbean
27.11,84.97,51.53,7.12,56.59,142.09,96.51,Neutral,mungbean
27.11,83.64,49.12,6.88,56.19,143.58,96.12,Loamy,mungbean
28.95,89.08,57.66,6.42,58.24,76.18,53.28,Acidic,mungbean
29.22,87.94,43.14,6.54,56.16,87.92,52.63,Neutral,mungbean
28.74,85.82,48.55,6.45,56.65,76.98,51.81,Peaty,mungbean
29.65,80.45,56.76,6.49,57.51,77.17,54.82,Acidic,mungbean
27.24,86.4,37.31,6.71,54.88,120.45,57.36,Neutral,mungbean
28.95,81.67,56.51,6.51,57.42,80.09,55.4,Neutral,mungbean
28.19,82.61,37.23,6.29,54.88,64.78,49.36,Acidic,mungbean
28.3,86.21,50.47,6.86,56.84,148.81,89.15,Neutral,mungbean
27.9,88.72,57.8,6.78,57.95,141.17,75.7,Neutral,mungbean
28.69,87.5,44.57,6.77,56.22,143.85,65.77,Neutral,mungbean
27.83,88.73,56.69,6.32,57.78,69.19,51.13,Acidic,mungbean
28.71,81.59,58.55,6.71,57.79,112.98,67.06,Loamy,mungbean
28.64,84.61,48.48,6.79,56.53,144.1,70.89,Loamy,mungbean
28.29,88.44,48.57,7.13,56.75,143.55,89.71,Neutral,mungbean
27.61,86.13,43.8,7.01,55.79,148.81,142.64,Loamy,mungbean
28.61,86.99,37.23,7.16,55.11,147.47,71.64,Loamy,mungbean
29.25,84.8,53.43,6.99,57.36,148.59,144.76,Neutral,mungbean
28.63,89.11,50.5,6.27,57.16,64.75,49.36,Peaty,mungbean
29.57,88.08,45.04,7.17,56.52,141.35,70.11,Neutral,mungbean
27.83,87.17,58.37,6.39,57.87,72.86,52.76,Acidic,mungbean
29.87,83.15,40.12,6.62,55.54,96.24,54.21,Neutral,mungbean
27.34,88.5,51.1,7.03,56.87,145.34,143.39,Neutral,mungbean
29.83,89.3,58.55,6.32,58.24,69.63,51.61,Acidic,mungbean
28.28,82.76,56.05,6.4,57.29,71.22,52.41,Acidic,mungbean
29.87,85.99,58.41,6.4,58.24,73.1,53.01,Acidic,mungbean
29.59,89.72,54.96,6.9,58.13,148.81,116.8,Neutral,mungbean
28.07,82.91,49.62,6.48,56.42,77.7,52.69,Acidic,mungbean
27.84,89.72,52.85,7.06,57.36,148.81,141.17,Neutral,mungbean
27.11,87.45,55.04,6.98,57.25,146.3,144.76,Loamy,mungbean
27.69,81.94,54.62,6.27,56.88,64.75,49.42,Peaty,mungbean
29.35,85.6,58.55,6.27,58.24,64.75,50.26,Acidic,mungbean
28.36,84.86,52.93,7.14,57.08,141.85,90.25,Neutral,mungbean
27.65,89.72,56.53,6.46,57.8,79.82,53.94,Acidic,mungbean
27.31,85.45,53.15,6.57,56.89,89.45,56.44,Loamy,mungbean
27.11,86.9,50.47,7.13,56.6,142.15,92.36,Loamy,mungbean
28.07,85.92,39.24,6.43,55.26,75.17,49.36,Acidic,mungbean
27.73,81.14,44.18,6.27,55.52,64.75,49.36,Acidic,mungbean
27.54,89.72,45.49,6.62,56.26,100.98,55.96,Neutral,mungbean
29.66,84.28,56.1,6.38,57.79,70.62,52.02,Acidic,mungbean
29.87,85.85,41.39,6.42,55.91,74.06,49.44,Peaty,mungbean
28.36,87.6,58.0,6.32,58.01,68.68,51.38,Acidic,mungbean
29.46,87.61,43.15,6.98,56.19,140.57,144.76,Neutral,mungbean
29.73,82.89,50.92,6.44,56.97,74.59,52.17,Acidic,mungbean
27.47,87.18,43.78,7.17,55.82,148.8,71.66,Loamy,mungbean
27.77,87.1,49.51,6.4,56.65,73.76,51.06,Acidic,mungbean
29.13,88.48,37.23,7.09,55.22,144.64,96.52,Loamy,mungbean
27.11,89.72,37.46,6.7,55.07,119.47,56.57,Loamy,mungbean
28.88,86.94,53.8,6.59,57.5,94.36,57.7,Neutral,mungbean
28.15,83.8,37.45,6.65,54.91,101.41,54.18,Loamy,mungbean
29.87,80.45,54.8,7.12,57.29,147.99,100.87,Neutral,mungbean
27.42,80.98,40.53,6.91,55.0,147.87,102.7,Neutral,mungbean
29.27,89.49,50.92,7.07,57.41,145.05,132.95,Loamy,mungbean
29.65,88.49,56.02,6.53,58.17,86.54,55.91,Neutral,mungbean
28.45,82.68,58.19,6.68,57.6,108.59,64.58,Neutral,mungbean
27.96,83.98,48.94,6.58,56.38,90.18,55.59,Neutral,mungbean
29.26,81.98,42.02,6.86,55.6,145.76,81.46,Neutral,mungbean
28.36,88.01,43.05,6.49,55.97,81.48,51.19,Acidic,mungbean
27.63,86.49,39.26,6.61,55.21,95.81,53.28,Neutral,mungbean
28.66,86.12,50.02,6.86,56.86,141.08,87.84,Loamy,mungbean
29.21,87.11,51.54,6.42,57.29,74.96,51.82,Acidic,mungbean
29.41,86.16,53.35,6.37,57.51,70.74,51.21,Acidic,mungbean
28.03,84.88,37.23,6.56,54.88,87.4,50.86,Neutral,mungbean
28.09,80.45,38.14,6.76,54.88,130.73,61.25,Neutral,mungbean
29.16,80.45,40.17,6.72,55.22,114.59,58.81,Neutral,mungbean
29.86,80.45,50.66,6.67,56.73,101.97,60.25,Neutral,mungbean
29.07,83.69,43.95,6.63,55.94,97.24,55.7,Neutral,mungbean
27.39,88.67,58.3,6.7,57.86,119.49,66.15,Neutral,mungbean
27.93,85.42,43.25,7.01,55.73,141.74,144.76,Neutral,mungbean
29.28,81.8,44.47,6.89,55.92,145.36,93.99,Loamy,mungbean
29.0,83.79,58.55,6.82,58.08,145.54,84.76,Loamy,mungbean
27.93,86.55,43.48,7.17,55.84,146.85,71.65,Neutral,mungbean
28.55,88.96,49.49,6.27,56.98,66.69,49.36,Acidic,mungbean
29.36,89.19,48.3,6.68,57.03,113.39,60.07,Neutral,mungbean
28.56,83.64,41.01,6.69,55.44,110.89,57.63,Neutral,mungbean
28.44,87.91,43.12,6.58,55.99,93.3,53.8,Neutral,mungbean
28.8,80.46,44.3,6.73,55.7,117.95,61.52,Neutral,mungbean
28.73,89.13,58.53,7.07,58.24,146.77,144.76,Loamy,mungbean
27.96,83.53,43.26,6.92,55.61,146.3,113.94,Neutral,mungbean
28.17,83.7,37.25,6.77,54.88,139.62,61.68,Neutral,mungbean
28.78,86.69,56.12,6.98,57.78,148.42,144.22,Loamy,mungbean
28.44,83.49,52.55,6.27,56.93,64.75,49.57,Acidic,mungbean
45.38,12.82,45.75,5.93,51.48,33.6,45.71,Peaty,millet
45.12,13.87,38.2,6.48,51.33,38.07,49.88,Acidic,millet
41.84,13.38,48.42,6.96,51.51,102.09,141.77,Loamy,millet
45.25,11.49,35.66,7.53,51.02,36.45,48.78,Peaty,millet
40.4,12.86,44.21,7.57,51.27,36.79,50.37,Peaty,millet
46.0,13.1,37.97,6.77,51.27,47.03,61.93,Loamy,millet
43.44,10.2,36.61,7.81,51.02,33.77,46.02,Peaty,millet
49.51,11.23,48.49,6.7,51.5,41.25,61.59,Loamy,millet
43.31,11.78,39.11,5.78,51.11,32.9,44.29,Acidic,millet
45.2,12.22,41.84,7.05,51.28,101.93,141.77,Loamy,millet
41.19,14.49,39.0,5.97,51.29,34.23,45.06,Acidic,millet
43.35,13.7,42.98,7.57,51.42,37.19,50.02,Alkaline,millet
49.52,15.34,39.4,6.91,51.69,83.02,99.93,Loamy,millet
40.44,11.93,42.85,6.14,51.15,34.18,46.68,Acidic,millet
43.07,15.34,48.81,5.95,51.69,34.39,46.2,Acidic,millet
48.51,10.99,48.82,6.93,51.47,79.55,139.34,Neutral,millet
44.15,11.75,48.81,6.9,51.41,66.3,107.01,Neutral,millet
43.41,13.02,48.54,7.68,51.52,35.72,49.48,Peaty,millet
46.46,10.5,47.28,6.93,51.28,75.34,130.75,Neutral,millet
48.42,10.2,45.35,5.72,51.23,32.9,44.65,Acidic,millet
47.8,11.2,44.93,6.43,51.34,35.89,50.5,Acidic,millet
47.31,11.85,44.37,7.78,51.38,34.57,47.6,Alkaline,millet
40.43,14.11,41.6,6.19,51.32,35.26,46.89,Acidic,millet
40.9,11.45,44.79,6.79,51.17,46.34,68.42,Loamy,millet
44.12,14.28,42.19,6.73,51.48,46.1,61.14,Neutral,millet
42.73,14.83,43.51,7.04,51.53,102.09,141.77,Neutral,millet
40.4,12.21,45.96,7.85,51.25,33.69,46.17,Peaty,millet
40.4,15.25,35.66,5.72,51.21,33.3,44.29,Acidic,millet
49.52,11.86,41.8,6.47,51.37,36.67,50.45,Acidic,millet
43.93,12.38,43.79,7.85,51.32,34.26,46.7,Peaty,millet
44.04,11.07,48.27,6.96,51.31,102.09,141.77,Loamy,millet
49.52,15.33,39.78,5.73,51.68,33.63,44.29,Acidic,millet
40.4,14.15,43.68,6.31,51.39,36.12,48.4,Acidic,millet
40.4,10.57,40.22,6.08,51.02,33.44,45.81,Acidic,millet
44.07,10.66,35.66,5.72,51.02,32.9,44.29,Acidic,millet
46.15,12.21,46.07,7.22,51.44,46.93,68.38,Loamy,millet
46.42,14.92,40.96,6.7,51.58,44.94,58.23,Neutral,millet
42.96,13.21,44.9,7.45,51.42,38.9,53.44,Loamy,millet
48.13,10.2,47.12,7.84,51.28,33.6,47.45,Peaty,millet
44.3,10.2,48.08,6.84,51.19,49.27,80.83,Loamy,millet
44.09,14.98,38.89,5.81,51.43,33.78,44.36,Acidic,millet
41.28,11.35,40.45,6.43,51.05,36.0,49.5,Acidic,millet
49.08,12.22,48.82,7.06,51.63,90.4,141.77,Neutral,millet
44.67,15.34,41.67,7.85,51.59,34.98,46.0,Peaty,millet
46.55,12.14,48.82,6.6,51.55,39.02,56.31,Neutral,millet
44.22,13.76,40.71,6.29,51.38,35.82,47.65,Acidic,millet
46.78,15.22,39.42,6.73,51.56,46.64,59.15,Neutral,millet
45.64,11.2,36.52,7.34,51.04,39.83,54.25,Neutral,millet
40.4,15.23,43.46,6.0,51.48,34.56,45.78,Peaty,millet
41.77,13.99,47.74,5.74,51.55,33.33,45.05,Acidic,millet
42.73,10.92,39.24,7.81,51.02,34.06,46.48,Peaty,millet
45.11,10.63,46.87,6.4,51.25,35.34,50.47,Acidic,millet
41.49,14.4,45.35,5.72,51.5,33.38,44.74,Peaty,millet
40.48,13.15,38.05,5.92,51.13,33.64,44.68,Acidic,millet
49.28,13.37,47.97,7.76,51.69,35.3,48.45,Peaty,millet
41.52,11.83,39.98,7.16,51.09,52.52,73.83,Loamy,millet
41.73,15.24,43.63,5.72,51.54,33.33,44.29,Acidic,millet
44.06,13.99,35.66,6.34,51.21,36.32,47.06,Peaty,millet
46.1,12.86,48.82,7.79,51.63,34.91,48.38,Peaty,millet
41.09,11.99,44.2,6.06,51.21,33.81,46.24,Acidic,millet
45.12,10.98,48.81,6.22,51.34,34.22,48.34,Peaty,millet
47.44,15.01,42.91,7.32,51.69,44.22,58.07,Neutral,millet
43.23,14.62,41.11,5.79,51.44,33.62,44.52,Acidic,millet
42.73,15.33,41.37,6.31,51.51,36.65,47.97,Acidic,millet
47.18,13.13,38.15,7.05,51.31,102.09,136.93,Loamy,millet
45.02,10.34,39.14,6.57,51.02,37.23,52.16,Neutral,millet
42.79,13.09,38.26,6.2,51.19,34.92,46.39,Acidic,millet
49.52,12.54,41.12,6.82,51.43,51.11,70.77,Neutral,millet
42.38,10.63,48.77,6.48,51.22,36.17,52.58,Acidic,millet
44.89,15.34,40.37,7.56,51.55,38.33,49.7,Peaty,millet
44.08,12.56,43.59,6.86,51.34,56.78,81.3,Loamy,millet
43.36,14.02,39.28,6.79,51.33,50.04,64.96,Neutral,millet
46.46,11.39,48.82,5.79,51.44,32.9,45.4,Acidic,millet
49.52,10.69,42.2,6.22,51.25,34.12,47.23,Peaty,millet
42.86,14.97,41.7,6.63,51.49,42.0,54.86,Neutral,millet
45.12,12.87,40.7,7.67,51.31,35.75,48.09,Peaty,millet
41.68,14.93,44.47,5.93,51.54,34.19,45.55,Acidic,millet
46.89,15.34,44.91,5.98,51.69,34.55,45.88,Acidic,millet
44.97,11.2,46.08,7.73,51.29,34.61,48.43,Peaty,millet
44.57,12.04,45.48,5.82,51.36,33.05,45.12,Peaty,millet
47.63,14.03,35.66,7.85,51.32,34.97,45.61,Peaty,millet
42.97,12.11,42.49,7.49,51.23,37.44,51.59,Neutral,millet
46.57,11.7,35.66,5.98,51.08,33.43,44.64,Acidic,millet
47.57,12.78,36.75,7.44,51.24,38.74,51.17,Neutral,millet
41.48,12.54,39.15,6.14,51.13,34.39,46.09,Acidic,millet
43.93,12.13,38.37,7.02,51.14,102.09,141.7,Neutral,millet
49.47,10.2,37.87,5.72,51.04,32.9,44.29,Acidic,millet
43.8,14.78,40.81,6.53,51.47,39.51,51.67,Loamy,millet
49.43,14.16,38.88,7.65,51.51,36.55,47.99,Peaty,millet
43.44,14.17,41.07,7.85,51.4,34.48,45.77,Peaty,millet
49.1,12.13,36.2,6.3,51.2,35.16,46.85,Acidic,millet
48.63,13.87,47.69,7.16,51.69,55.64,79.19,Neutral,millet
44.38,13.65,38.97,7.48,51.31,38.61,50.93,Loamy,millet
40.92,10.2,44.22,7.57,51.02,35.3,50.38,Peaty,millet
48.8,10.5,39.1,7.85,51.11,33.58,45.91,Peaty,millet
43.52,13.27,40.1,7.15,51.29,55.73,74.57,Loamy,millet
47.04,11.85,41.31,7.81,51.28,34.4,46.82,Peaty,millet
48.45,10.89,38.52,5.8,51.13,32.9,44.29,Peaty,millet
46.5,12.44,47.06,7.69,51.51,35.44,49.14,Peaty,millet
46.52,11.44,48.82,6.7,51.47,41.4,62.0,Loamy,millet
22.61,63.69,87.76,5.75,57.02,45.28,49.36,Acidic,maize
25.98,71.57,102.27,6.87,60.11,144.91,141.69,Neutral,maize
23.56,71.59,66.72,6.66,56.25,92.79,66.01,Neutral,maize
19.97,57.68,63.03,6.6,54.49,72.84,60.02,Neutral,maize
18.48,62.7,65.44,5.97,54.49,48.27,48.47,Acidic,maize
21.78,57.81,102.09,6.16,57.14,50.62,56.18,Acidic,maize
25.62,66.5,105.47,6.05,59.98,50.96,54.77,Acidic,maize
25.19,66.69,78.07,5.91,57.29,48.42,49.58,Acidic,maize
20.42,62.55,65.28,5.86,54.63,46.4,47.6,Acidic,maize
24.92,66.79,108.52,5.75,60.1,46.03,51.65,Acidic,maize
23.32,73.45,94.3,5.85,58.97,49.21,50.96,Acidic,maize
24.84,68.36,74.05,6.47,56.99,68.88,58.72,Acidic,maize
22.28,58.84,63.87,6.87,54.65,145.22,141.69,Loamy,maize
18.88,65.77,94.76,6.08,56.54,51.52,53.78,Acidic,maize
25.19,60.2,72.12,5.92,56.08,46.71,48.9,Acidic,maize
18.28,56.5,63.72,6.2,54.49,50.85,50.68,Acidic,maize
24.61,70.42,104.16,6.6,60.03,82.92,74.79,Neutral,maize
25.14,65.26,76.68,6.02,56.99,50.02,50.45,Acidic,maize
23.09,60.12,65.5,6.03,55.05,48.66,49.04,Acidic,maize
18.28,62.89,84.24,6.29,55.31,56.53,55.79,Acidic,maize
24.93,73.59,79.74,6.55,58.15,79.26,63.66,Neutral,maize
18.28,71.09,88.08,5.59,56.31,44.95,48.23,Acidic,maize
18.28,66.66,80.98,6.83,55.48,145.22,103.21,Loamy,maize
18.83,58.75,79.75,5.72,54.9,43.82,48.28,Acidic,maize
25.72,67.22,74.51,5.59,57.16,43.91,46.85,Acidic,maize
25.34,68.5,96.46,6.59,59.3,79.67,71.09,Neutral,maize
23.89,57.49,102.83,5.89,57.85,45.58,52.39,Acidic,maize
21.54,71.51,102.49,5.92,58.77,49.83,52.63,Acidic,maize
23.09,63.1,70.43,5.59,55.7,43.82,46.84,Acidic,maize
25.62,63.47,108.52,6.58,59.83,74.95,74.26,Loamy,maize
21.45,63.16,65.89,6.18,54.96,53.05,50.69,Acidic,maize
18.52,56.5,90.99,6.64,55.2,76.52,73.88,Neutral,maize
22.54,67.99,64.41,6.49,55.48,69.92,56.81,Acidic,maize
23.02,61.89,63.04,5.68,54.99,44.07,46.84,Acidic,maize
24.89,65.61,87.93,6.63,57.98,82.55,71.3,Neutral,maize
25.77,73.59,107.49,6.52,60.11,76.74,70.14,Loamy,maize
19.4,62.36,63.03,5.7,54.49,44.35,46.84,Acidic,maize
21.54,59.64,108.52,6.8,57.83,121.25,114.63,Neutral,maize
23.8,73.59,91.76,6.25,59.08,60.04,56.37,Acidic,maize
18.98,73.59,94.26,6.09,57.41,54.64,53.85,Acidic,maize
24.11,73.13,71.08,6.23,56.96,58.65,52.38,Acidic,maize
24.79,70.05,76.73,5.72,57.4,46.45,48.01,Acidic,maize
21.63,60.28,69.22,6.43,55.01,61.76,56.21,Acidic,maize
25.38,57.21,101.7,5.98,58.2,46.89,53.35,Acidic,maize
22.22,72.85,106.62,6.8,59.59,140.18,111.67,Neutral,maize
20.58,69.0,66.29,6.5,55.23,71.4,57.68,Acidic,maize
24.88,68.74,91.26,6.27,58.67,58.08,56.57,Acidic,maize
20.04,56.5,108.52,6.73,56.84,92.0,93.31,Neutral,maize
25.95,61.89,99.58,6.33,58.89,57.52,59.68,Acidic,maize
19.29,65.47,71.32,6.81,55.0,132.03,89.4,Loamy,maize
20.58,65.35,78.35,6.67,55.85,89.6,71.76,Loamy,maize
24.71,56.73,88.45,6.65,56.89,78.45,73.57,Neutral,maize
20.27,63.91,63.03,6.44,54.5,64.18,54.86,Acidic,maize
18.42,64.24,76.41,6.47,55.02,66.67,59.39,Acidic,maize
23.39,61.74,107.32,5.87,58.61,46.42,52.68,Acidic,maize
19.85,61.25,100.77,5.73,56.81,44.47,50.58,Acidic,maize
21.87,61.91,107.27,5.85,58.07,46.16,52.44,Acidic,maize
22.81,56.51,101.6,5.79,57.27,44.03,51.21,Acidic,maize
19.08,69.02,80.73,6.74,55.91,109.64,81.4,Neutral,maize
22.03,65.36,83.73,6.27,56.7,56.95,55.34,Acidic,maize
23.81,59.25,89.96,5.72,57.05,43.83,49.34,Acidic,maize
18.53,69.03,88.1,5.77,56.26,46.88,49.58,Acidic,maize
23.5,61.32,64.78,5.59,55.19,43.82,46.84,Acidic,maize
25.98,72.89,73.34,5.79,57.88,48.03,48.06,Acidic,maize
19.3,69.63,83.21,5.78,56.21,47.07,49.06,Acidic,maize
20.69,59.44,103.65,6.86,57.08,140.86,141.69,Neutral,maize
19.33,68.03,84.23,6.19,56.15,55.27,53.91,Acidic,maize
24.61,73.59,96.59,6.64,59.72,90.78,75.46,Neutral,maize
22.27,59.52,67.97,5.83,55.01,45.22,47.72,Acidic,maize
25.7,61.33,83.21,6.87,57.29,145.12,141.66,Neutral,maize
19.2,68.31,87.85,6.11,56.4,53.1,53.2,Acidic,maize
21.7,60.47,95.71,6.71,56.98,92.23,83.77,Loamy,maize
20.52,59.21,67.61,5.59,54.56,43.82,46.84,Acidic,maize
23.3,73.59,97.59,5.87,59.3,49.6,51.55,Acidic,maize
24.25,56.5,64.24,6.87,54.82,145.22,141.69,Neutral,maize
24.86,65.74,75.82,5.71,56.89,45.35,47.87,Acidic,maize
22.63,65.77,88.17,6.78,57.29,119.99,93.62,Loamy,maize
18.28,60.61,104.23,5.59,56.33,43.82,49.35,Acidic,maize
23.26,72.33,67.1,5.8,56.27,48.06,47.45,Acidic,maize
22.88,71.6,67.73,6.35,56.16,63.17,53.95,Acidic,maize
25.97,69.36,103.22,6.82,60.11,145.22,117.58,Loamy,maize
25.98,66.21,107.24,6.66,60.11,87.64,81.5,Loamy,maize
18.66,61.55,75.03,6.12,54.79,51.01,51.39,Acidic,maize
25.11,56.5,78.16,5.79,56.1,43.89,48.62,Acidic,maize
23.34,59.25,105.01,6.47,58.07,63.82,66.64,Acidic,maize
25.08,65.92,63.03,6.46,55.74,66.3,55.29,Acidic,maize
25.37,72.52,107.91,6.61,60.11,85.36,76.61,Neutral,maize
25.34,63.32,74.52,6.33,56.64,58.37,54.84,Acidic,maize
25.01,67.82,63.03,6.53,55.93,73.16,57.8,Neutral,maize
18.67,71.52,69.93,5.72,55.19,46.78,47.29,Acidic,maize
20.38,63.74,108.51,6.64,57.83,83.74,80.66,Neutral,maize
18.28,72.61,78.96,6.38,55.76,64.95,56.89,Acidic,maize
25.98,71.96,79.85,6.25,58.35,58.67,54.14,Acidic,maize
18.65,61.38,93.62,6.66,55.96,83.64,76.36,Neutral,maize
25.98,59.37,85.76,6.2,57.38,52.4,54.38,Acidic,maize
18.93,72.8,82.34,6.16,56.3,55.97,53.05,Acidic,maize
23.31,63.25,108.52,6.39,58.91,60.89,63.61,Acidic,maize
18.75,62.5,70.23,6.42,54.57,62.21,56.09,Acidic,maize
19.74,59.66,65.51,6.38,54.49,58.93,54.12,Acidic,maize
25.73,70.75,98.74,6.87,59.99,145.22,141.69,Loamy,maize
28.05,63.5,43.36,7.6,54.29,61.53,49.57,Peaty,lentil
19.44,63.28,46.83,7.73,53.2,56.05,48.57,Peaty,lentil
29.22,60.64,46.8,7.49,54.71,67.03,52.7,Neutral,lentil
21.36,69.41,46.64,6.63,53.87,87.29,56.98,Neutral,lentil
26.29,68.52,46.14,7.32,54.62,93.28,58.94,Loamy,lentil
22.17,62.14,53.32,6.41,54.09,61.62,52.09,Acidic,lentil
26.58,60.98,50.89,7.73,54.58,51.86,48.11,Peaty,lentil
26.59,66.14,50.91,6.14,54.97,53.05,47.89,Acidic,lentil
19.13,62.58,36.47,6.59,52.87,75.85,51.88,Loamy,lentil
28.75,69.16,36.08,7.29,53.88,102.53,56.39,Loamy,lentil
25.79,60.47,49.14,6.06,54.24,49.2,46.96,Acidic,lentil
23.89,61.79,52.56,6.66,54.31,84.3,60.53,Neutral,lentil
28.67,63.19,42.96,7.3,54.32,93.32,59.13,Loamy,lentil
28.42,61.77,49.02,7.73,54.78,52.73,48.02,Peaty,lentil
21.35,62.6,41.78,6.06,53.1,49.19,46.69,Acidic,lentil
21.13,63.19,38.72,6.4,52.87,61.79,48.66,Peaty,lentil
24.02,61.62,49.78,7.4,54.09,76.5,56.7,Neutral,lentil
25.4,65.86,51.92,7.72,54.83,57.35,49.58,Peaty,lentil
29.03,64.49,53.32,7.48,55.1,70.65,55.39,Neutral,lentil
20.21,68.65,50.9,6.89,53.92,144.06,100.13,Loamy,lentil
29.2,68.02,44.93,7.44,54.96,76.17,53.56,Loamy,lentil
18.43,69.41,49.39,7.63,53.5,63.19,50.45,Peaty,lentil
27.41,63.42,44.43,7.34,54.29,86.6,57.63,Neutral,lentil
24.84,60.47,48.78,6.75,54.05,102.17,66.04,Loamy,lentil
29.22,67.31,40.37,7.52,54.52,68.7,50.32,Peaty,lentil
25.88,67.55,47.9,6.35,54.65,61.05,49.79,Acidic,lentil
20.05,65.84,46.05,7.14,53.38,143.3,85.4,Loamy,lentil
22.99,66.71,53.32,7.67,54.64,59.86,50.84,Peaty,lentil
25.13,66.93,49.04,7.4,54.58,80.23,56.36,Neutral,lentil
28.5,62.45,53.15,7.73,55.1,52.26,48.42,Peaty,lentil
18.43,69.41,48.6,6.25,53.43,57.95,48.69,Acidic,lentil
24.38,61.18,53.14,6.87,54.4,143.28,94.04,Neutral,lentil
21.32,66.44,45.43,7.32,53.57,92.19,58.9,Loamy,lentil
18.54,62.71,44.08,6.3,52.87,56.76,48.36,Peaty,lentil
25.29,60.86,49.37,7.24,54.22,105.71,67.3,Loamy,lentil
25.43,69.13,41.03,7.69,54.01,60.23,47.97,Peaty,lentil
28.84,69.41,44.09,6.89,54.93,146.0,93.81,Loamy,lentil
27.38,63.94,49.47,6.16,54.81,52.72,47.81,Acidic,lentil
28.32,60.47,45.37,6.17,54.3,51.7,47.27,Acidic,lentil
27.48,62.05,37.81,6.86,53.58,146.93,76.44,Neutral,lentil
18.43,68.1,48.8,6.98,53.38,141.81,140.72,Loamy,lentil
27.61,69.3,42.72,7.04,54.54,147.02,140.72,Loamy,lentil
23.44,63.22,45.4,6.06,53.74,49.19,46.69,Peaty,lentil
20.96,63.68,52.4,7.24,53.88,109.78,69.18,Neutral,lentil
23.79,68.03,49.74,6.52,54.47,72.2,53.71,Loamy,lentil
22.64,65.45,38.3,6.23,53.15,55.61,46.69,Acidic,lentil
21.54,65.47,36.08,7.51,52.87,68.87,49.43,Alkaline,lentil
29.22,65.73,44.96,6.95,54.91,142.06,140.72,Neutral,lentil
25.27,67.1,48.34,6.96,54.55,147.02,140.71,Loamy,lentil
25.18,68.93,36.08,6.55,53.38,75.76,50.34,Neutral,lentil
24.12,61.1,44.24,6.46,53.62,64.04,50.96,Acidic,lentil
23.34,67.4,36.19,7.07,53.16,141.79,113.93,Loamy,lentil
21.75,63.4,50.43,6.77,53.86,110.96,68.63,Loamy,lentil
27.6,63.46,53.32,6.06,55.1,49.19,46.69,Acidic,lentil
24.39,62.5,47.26,6.71,54.0,94.96,61.83,Neutral,lentil
24.98,66.9,38.21,6.38,53.55,62.36,48.22,Acidic,lentil
28.23,69.32,36.08,6.31,53.85,60.28,46.87,Acidic,lentil
26.03,69.41,37.11,7.39,53.73,83.07,52.58,Loamy,lentil
28.05,64.08,37.16,7.5,53.71,68.07,49.81,Alkaline,lentil
24.87,64.0,48.28,7.2,54.27,126.94,72.5,Loamy,lentil
23.97,62.36,53.32,7.01,54.44,144.19,140.72,Loamy,lentil
20.06,67.76,42.9,6.68,53.24,92.99,57.72,Loamy,lentil
19.59,61.29,41.77,6.74,52.87,101.81,61.75,Neutral,lentil
29.22,66.29,36.08,6.55,53.91,73.94,50.52,Loamy,lentil
27.52,60.54,48.06,6.55,54.45,70.5,54.29,Neutral,lentil
25.63,63.15,45.5,6.59,54.09,75.65,54.62,Loamy,lentil
20.39,60.48,53.32,6.92,53.65,141.65,133.59,Neutral,lentil
25.39,60.5,39.18,7.44,53.34,71.5,51.95,Neutral,lentil
24.91,60.71,42.2,7.14,53.55,147.02,79.45,Loamy,lentil
27.7,63.21,37.46,7.73,53.64,55.39,46.69,Peaty,lentil
18.43,65.1,51.55,6.3,53.37,57.92,49.83,Peaty,lentil
18.43,62.46,50.61,6.08,53.18,50.34,47.33,Acidic,lentil
23.83,67.9,46.91,6.77,54.22,117.28,66.8,Neutral,lentil
23.19,62.75,49.55,7.64,54.01,59.37,50.31,Peaty,lentil
25.09,68.18,41.45,6.56,53.94,76.45,52.55,Neutral,lentil
25.87,61.88,36.68,7.07,53.26,144.63,107.07,Neutral,lentil
18.44,68.05,39.01,7.73,52.87,57.88,47.1,Peaty,lentil
27.15,67.03,52.51,6.16,55.1,53.88,48.31,Peaty,lentil
23.33,64.51,47.02,7.24,53.93,110.3,66.01,Neutral,lentil
26.72,62.97,42.87,6.9,54.01,142.58,96.54,Neutral,lentil
19.56,64.45,53.05,6.82,53.71,136.64,79.01,Neutral,lentil
26.14,66.77,46.48,6.26,54.51,57.14,48.4,Acidic,lentil
28.0,65.58,49.94,6.49,55.09,68.81,53.13,Acidic,lentil
29.06,62.11,36.5,7.04,53.66,145.2,140.25,Neutral,lentil
25.71,64.11,50.17,7.69,54.59,57.79,49.67,Peaty,lentil
21.8,63.73,46.62,6.25,53.6,55.53,48.3,Acidic,lentil
24.71,60.47,53.12,6.06,54.39,49.19,47.47,Peaty,lentil
20.95,65.81,44.24,7.0,53.39,143.33,140.72,Loamy,lentil
24.85,68.98,41.61,7.27,53.96,105.96,60.37,Loamy,lentil
21.91,65.22,36.1,6.06,52.87,49.19,46.69,Acidic,lentil
25.93,68.71,51.02,7.08,55.05,147.02,124.51,Loamy,lentil
29.22,69.41,51.56,6.59,55.1,81.26,56.93,Loamy,lentil
27.52,63.13,45.21,7.29,54.36,95.75,60.93,Neutral,lentil
28.0,68.64,46.11,7.33,54.92,92.95,58.79,Neutral,lentil
20.77,63.9,47.93,6.37,53.53,60.25,50.08,Peaty,lentil
23.05,60.47,52.6,7.01,54.07,147.02,140.24,Neutral,lentil
21.66,63.58,38.08,6.28,52.91,56.52,47.06,Acidic,lentil
26.25,67.63,40.81,7.62,54.03,62.64,48.76,Peaty,lentil
20.97,63.83,53.1,7.63,53.95,60.38,51.23,Peaty,lentil
23.9,66.32,40.75,7.73,53.59,54.8,46.77,Peaty,lentil
24.4,79.2,90.8,7.23,59.75,132.71,92.34,Neutral,cotton
23.1,84.56,71.3,6.93,57.76,148.64,142.31,Loamy,cotton
23.97,76.98,90.76,7.63,59.3,66.46,59.1,Peaty,cotton
24.89,75.62,89.76,6.83,59.39,148.64,109.32,Loamy,cotton
25.36,83.63,88.44,6.18,60.42,60.48,54.32,Acidic,cotton
24.69,81.74,78.58,6.63,58.81,96.04,68.22,Loamy,cotton
25.0,80.54,96.33,7.26,60.78,124.06,90.0,Neutral,cotton
22.46,81.31,64.23,6.44,56.52,73.85,55.4,Acidic,cotton
23.61,79.3,72.5,7.72,57.54,62.89,53.37,Peaty,cotton
24.58,79.12,71.95,6.0,57.78,53.1,50.2,Acidic,cotton
23.09,83.56,71.84,7.23,57.7,140.06,82.06,Neutral,cotton
23.5,83.63,79.81,6.22,58.71,62.15,53.63,Acidic,cotton
24.15,75.88,69.92,6.02,57.12,53.26,50.2,Acidic,cotton
24.69,84.56,89.8,6.25,60.45,64.09,56.04,Acidic,cotton
24.48,84.45,90.94,6.19,60.45,61.18,54.92,Acidic,cotton
24.49,82.24,64.03,7.06,57.17,147.88,141.92,Neutral,cotton
23.48,81.73,86.76,6.72,59.25,117.71,81.38,Neutral,cotton
24.19,76.04,69.08,6.43,57.06,70.14,56.21,Peaty,cotton
25.01,78.18,86.06,7.45,59.35,81.76,65.33,Neutral,cotton
25.69,77.05,89.12,7.37,59.92,92.77,72.27,Loamy,cotton
23.66,81.69,97.81,7.35,60.67,99.54,77.6,Loamy,cotton
25.67,81.38,78.6,6.65,59.12,100.19,70.13,Neutral,cotton
22.14,84.56,86.01,6.14,58.91,59.68,53.41,Acidic,cotton
22.42,84.56,93.47,7.32,59.84,109.57,79.09,Neutral,cotton
25.03,82.21,95.02,7.95,60.78,55.84,53.27,Peaty,cotton
23.53,77.22,87.54,6.21,58.84,59.24,54.73,Acidic,cotton
22.77,82.6,81.5,6.63,58.52,97.15,69.45,Neutral,cotton
25.5,79.98,67.06,7.31,57.6,108.17,69.13,Loamy,cotton
25.25,83.46,86.56,6.0,60.13,53.1,50.48,Acidic,cotton
22.78,77.51,64.61,7.24,56.52,127.47,76.11,Loamy,cotton
23.37,77.43,71.68,7.95,57.21,53.76,50.2,Peaty,cotton
24.87,78.22,79.57,6.0,58.6,53.1,50.43,Acidic,cotton
24.14,84.52,80.36,6.79,59.11,148.33,90.0,Loamy,cotton
25.03,79.04,97.1,7.39,60.67,90.27,72.91,Neutral,cotton
23.66,84.48,88.54,6.49,59.83,79.31,62.97,Acidic,cotton
25.54,84.09,88.94,7.18,60.61,148.24,107.41,Loamy,cotton
22.14,79.47,90.42,7.39,58.78,91.41,71.05,Loamy,cotton
23.64,78.13,80.96,6.11,58.31,56.2,52.07,Acidic,cotton
23.96,78.03,84.63,6.42,58.79,70.33,59.44,Acidic,cotton
24.65,75.64,62.64,6.31,56.52,62.77,51.91,Acidic,cotton
24.3,84.56,65.02,6.93,57.45,148.42,142.31,Loamy,cotton
24.29,81.02,90.42,7.81,59.89,59.98,54.87,Peaty,cotton
24.29,84.56,81.06,6.53,59.26,83.73,62.88,Loamy,cotton
25.69,81.2,97.81,7.57,60.78,72.78,63.4,Peaty,cotton
24.88,76.3,91.92,7.04,59.69,148.64,142.31,Loamy,cotton
22.61,77.34,75.14,7.21,57.3,141.13,87.98,Neutral,cotton
23.87,75.68,90.45,6.81,59.08,148.64,104.96,Loamy,cotton
23.41,76.44,78.82,7.44,57.84,81.86,63.77,Neutral,cotton
24.96,81.32,80.04,6.85,59.03,148.64,113.38,Neutral,cotton
25.17,80.3,84.62,7.88,59.5,57.24,52.76,Peaty,cotton
22.73,77.08,77.55,6.01,57.55,53.26,50.4,Peaty,cotton
22.45,76.26,86.85,7.43,58.26,82.95,66.8,Loamy,cotton
23.05,75.62,70.66,6.5,56.83,75.15,58.77,Acidic,cotton
25.29,75.67,62.64,6.21,56.66,58.56,50.51,Acidic,cotton
22.96,82.34,66.48,6.36,56.98,68.64,53.87,Acidic,cotton
22.8,84.15,91.64,7.05,59.77,148.47,142.28,Loamy,cotton
23.54,75.98,84.13,7.95,58.36,54.07,51.84,Alkaline,cotton
24.41,80.8,97.81,6.28,60.78,63.76,58.31,Acidic,cotton
22.94,75.62,67.08,6.11,56.52,55.54,50.2,Acidic,cotton
25.54,81.14,95.43,6.75,60.78,128.94,91.72,Loamy,cotton
25.32,81.79,83.47,7.43,59.6,87.73,66.18,Neutral,cotton
22.43,81.53,65.54,6.75,56.66,125.96,74.29,Neutral,cotton
25.69,75.62,91.4,7.64,59.82,65.1,59.01,Peaty,cotton
25.69,77.91,66.19,6.47,57.36,74.11,56.66,Acidic,cotton
22.15,82.86,62.64,7.09,56.52,140.33,127.91,Loamy,cotton
25.07,82.5,93.51,6.52,60.75,81.61,66.0,Loamy,cotton
22.22,76.18,70.41,6.13,56.62,56.21,50.76,Peaty,cotton
23.96,76.59,76.13,7.95,57.76,53.1,50.21,Peaty,cotton
25.4,76.53,62.64,7.52,56.75,73.76,55.89,Peaty,cotton
23.78,83.04,66.27,7.83,57.27,60.09,50.67,Peaty,cotton
24.16,76.74,62.64,6.44,56.52,70.87,54.66,Acidic,cotton
25.31,77.92,72.83,6.0,57.98,53.1,50.2,Acidic,cotton
22.6,80.35,88.57,6.14,58.94,57.87,53.65,Peaty,cotton
22.95,78.72,97.81,6.04,60.01,54.72,53.92,Peaty,cotton
22.74,80.41,90.07,7.6,59.15,70.35,60.09,Peaty,cotton
23.81,83.92,70.97,6.69,57.88,111.55,70.65,Neutral,cotton
25.46,81.57,76.89,6.18,58.87,59.68,52.43,Acidic,cotton
25.69,81.98,74.14,7.27,58.77,120.31,76.3,Neutral,cotton
25.53,80.05,97.81,6.0,60.78,53.1,51.05,Acidic,cotton
24.44,81.7,62.64,6.76,56.74,131.05,73.42,Neutral,cotton
23.04,76.47,90.65,6.98,58.87,142.72,142.31,Neutral,cotton
23.51,76.73,80.11,7.95,58.03,53.56,50.93,Alkaline,cotton
22.76,76.76,97.77,6.56,59.49,82.2,69.55,Loamy,cotton
24.71,77.73,85.25,7.95,59.1,53.82,51.61,Alkaline,cotton
23.46,82.45,93.5,7.9,60.05,57.38,53.8,Peaty,cotton
25.55,77.85,78.58,6.73,58.68,117.18,79.11,Neutral,cotton
22.14,82.83,67.06,6.69,56.82,110.6,69.0,Neutral,cotton
24.69,78.51,69.31,7.84,57.46,58.05,51.0,Peaty,cotton
25.69,84.17,77.03,6.61,59.31,95.5,66.64,Neutral,cotton
22.46,75.62,71.85,7.46,56.76,79.51,60.97,Neutral,cotton
23.66,77.52,74.9,7.29,57.63,109.05,73.94,Neutral,cotton
22.14,81.84,92.24,7.76,59.23,62.19,56.13,Alkaline,cotton
24.33,80.13,69.45,6.36,57.52,67.76,54.55,Acidic,cotton
22.92,82.69,92.92,7.64,59.78,68.92,59.44,Peaty,cotton
23.44,78.63,81.15,6.2,58.31,59.51,53.54,Acidic,cotton
22.14,78.58,74.94,6.36,57.23,67.11,55.73,Acidic,cotton
23.04,76.11,91.5,6.91,58.91,148.62,142.31,Neutral,cotton
24.55,75.62,63.88,7.77,56.57,59.52,51.12,Peaty,cotton
23.74,75.78,76.64,7.56,57.66,70.88,58.38,Peaty,cotton
22.32,83.86,65.36,7.29,56.8,117.24,70.22,Loamy,cotton
32.83,60.63,87.79,6.19,59.71,52.51,54.49,Acidic,groundnut
33.84,61.36,92.65,6.33,60.69,57.52,58.47,Acidic,groundnut
33.79,58.36,113.88,6.03,62.47,48.79,55.69,Peaty,groundnut
31.36,68.08,69.71,6.11,57.97,53.04,50.16,Acidic,groundnut
30.77,71.98,74.74,6.3,59.2,60.92,54.27,Acidic,groundnut
32.78,69.64,140.77,6.05,67.38,52.05,59.81,Acidic,groundnut
32.77,57.09,70.63,6.4,57.9,58.48,55.79,Acidic,groundnut
33.58,58.55,124.23,6.1,63.57,49.47,58.36,Acidic,groundnut
31.76,60.89,86.13,6.42,59.25,61.26,59.65,Acidic,groundnut
32.9,70.37,134.04,6.05,67.24,52.24,58.82,Acidic,groundnut
30.75,66.5,88.71,6.18,60.08,54.23,54.37,Acidic,groundnut
31.11,62.36,118.78,6.18,62.8,52.78,59.29,Acidic,groundnut
31.22,60.02,78.88,6.24,58.21,53.74,53.86,Peaty,groundnut
30.31,63.21,97.85,6.4,60.41,61.64,61.77,Acidic,groundnut
33.51,74.3,87.26,6.2,62.16,58.05,54.54,Peaty,groundnut
33.84,57.28,73.85,6.4,57.97,58.79,56.5,Acidic,groundnut
32.22,58.42,142.34,6.1,64.89,49.39,61.0,Peaty,groundnut
30.75,59.87,103.66,6.07,60.6,49.29,54.84,Peaty,groundnut
30.93,61.28,119.57,6.29,62.59,55.91,62.47,Peaty,groundnut
33.54,59.59,123.37,6.46,63.7,63.6,70.53,Acidic,groundnut
33.31,60.12,142.95,6.07,66.35,49.41,61.09,Acidic,groundnut
31.39,69.42,77.65,6.32,59.4,60.83,55.33,Acidic,groundnut
31.78,65.36,142.95,6.03,66.98,49.85,59.87,Peaty,groundnut
33.04,66.08,87.38,6.27,60.6,57.09,55.92,Acidic,groundnut
32.47,57.73,127.57,6.37,63.29,57.35,66.86,Peaty,groundnut
30.14,62.95,78.49,6.29,58.24,56.51,54.69,Acidic,groundnut
33.84,58.03,117.65,6.46,62.84,62.0,68.84,Acidic,groundnut
30.44,59.92,110.14,6.05,61.16,48.9,55.44,Acidic,groundnut
33.79,62.71,95.82,6.46,61.28,65.03,63.79,Acidic,groundnut
30.14,59.36,127.27,6.03,62.61,48.79,57.45,Acidic,groundnut
31.11,69.03,95.5,6.4,61.39,64.47,61.19,Acidic,groundnut
32.72,57.58,103.55,6.08,60.84,48.82,55.04,Acidic,groundnut
31.94,70.44,85.8,6.16,60.72,55.1,53.59,Acidic,groundnut
31.13,68.99,72.17,6.04,58.61,51.51,50.16,Acidic,groundnut
33.59,64.75,70.3,6.09,58.5,51.25,50.25,Acidic,groundnut
32.85,69.71,136.34,6.16,67.35,54.89,61.64,Acidic,groundnut
32.15,62.53,87.52,6.4,59.77,61.34,59.5,Acidic,groundnut
30.14,57.09,101.39,6.38,59.61,57.44,61.77,Peaty,groundnut
33.84,74.28,97.66,6.45,63.66,65.56,63.74,Acidic,groundnut
30.48,68.49,142.95,6.29,67.29,58.82,67.89,Acidic,groundnut
31.89,71.45,93.34,6.03,61.82,51.89,52.71,Peaty,groundnut
33.59,57.33,126.16,6.18,63.5,51.03,60.56,Acidic,groundnut
30.49,58.55,71.1,6.03,57.9,48.79,50.16,Acidic,groundnut
33.84,74.3,142.75,6.08,67.38,54.37,60.67,Acidic,groundnut
32.98,72.18,78.76,6.16,60.42,55.76,52.49,Peaty,groundnut
32.95,69.77,119.6,6.4,65.28,64.65,66.4,Acidic,groundnut
32.14,62.95,82.42,6.46,59.26,64.68,60.18,Acidic,groundnut
31.14,59.66,140.89,6.12,64.54,50.33,61.33,Acidic,groundnut
31.36,60.86,116.55,6.19,62.36,52.65,59.28,Peaty,groundnut
33.27,74.3,69.84,6.45,59.64,65.56,57.0,Peaty,groundnut
31.48,63.19,91.42,6.06,60.11,50.27,53.03,Acidic,groundnut
30.33,70.45,85.94,6.29,60.2,59.93,56.23,Acidic,groundnut
30.14,61.1,106.79,6.2,60.93,52.94,57.81,Acidic,groundnut
30.35,67.91,109.88,6.28,62.58,58.25,60.31,Peaty,groundnut
30.14,64.96,97.74,6.07,60.61,50.91,53.98,Acidic,groundnut
32.51,65.61,103.55,6.03,62.27,50.07,54.08,Acidic,groundnut
30.38,74.3,105.01,6.07,63.29,54.31,55.14,Acidic,groundnut
32.64,61.93,108.76,6.03,62.21,49.1,54.91,Acidic,groundnut
33.49,66.71,69.71,6.05,58.33,51.02,50.16,Acidic,groundnut
33.31,68.93,128.78,6.23,66.43,56.71,62.18,Acidic,groundnut
30.81,67.45,131.91,6.46,65.23,65.56,70.53,Acidic,groundnut
33.21,68.89,116.66,6.2,64.83,55.94,59.52,Acidic,groundnut
32.39,65.23,91.1,6.27,60.69,56.63,56.53,Acidic,groundnut
33.02,72.24,111.27,6.46,64.74,65.56,67.5,Acidic,groundnut
30.22,62.43,116.62,6.32,62.22,57.61,62.92,Peaty,groundnut
33.36,60.94,97.97,6.46,61.06,64.29,64.5,Acidic,groundnut
32.69,67.39,93.27,6.17,61.42,54.49,55.06,Acidic,groundnut
30.14,62.44,129.38,6.14,63.5,51.68,59.96,Acidic,groundnut
32.69,62.51,111.52,6.31,62.66,57.22,61.58,Acidic,groundnut
32.26,66.7,105.7,6.08,62.63,51.86,55.4,Acidic,groundnut
31.19,57.09,81.26,6.03,57.9,48.79,50.95,Acidic,groundnut
33.62,73.16,69.71,6.14,59.0,55.39,50.16,Acidic,groundnut
32.29,59.99,130.46,6.46,64.04,63.88,70.53,Acidic,groundnut
31.31,65.64,128.42,6.26,64.66,56.47,63.01,Acidic,groundnut
32.91,70.58,72.14,6.19,59.31,56.29,51.94,Acidic,groundnut
33.84,70.55,137.26,6.4,67.38,65.3,70.52,Peaty,groundnut
32.44,61.01,70.4,6.45,57.9,63.5,57.18,Acidic,groundnut
33.06,67.6,120.03,6.4,64.9,63.78,66.66,Acidic,groundnut
33.12,57.42,136.17,6.04,64.39,48.79,58.85,Peaty,groundnut
32.49,71.05,104.05,6.09,63.34,53.42,55.24,Peaty,groundnut
31.87,62.35,139.21,6.39,65.37,60.91,70.53,Acidic,groundnut
30.89,61.99,92.28,6.05,59.82,49.59,52.96,Acidic,groundnut
31.98,69.58,76.13,6.1,59.41,53.17,51.27,Acidic,groundnut
31.15,63.02,136.82,6.4,64.92,61.61,70.5,Peaty,groundnut
32.14,57.11,125.08,6.13,62.75,49.58,59.06,Peaty,groundnut
32.18,57.09,87.09,6.22,58.6,51.17,54.83,Acidic,groundnut
33.49,57.09,91.76,6.32,59.58,54.71,57.95,Acidic,groundnut
32.15,58.32,142.95,6.21,65.05,52.27,64.52,Acidic,groundnut
32.81,69.62,142.95,6.11,67.38,53.55,61.81,Acidic,groundnut
32.3,72.36,74.96,6.39,59.73,65.53,56.36,Acidic,groundnut
32.3,60.52,141.48,6.4,65.36,60.13,70.53,Acidic,groundnut
32.35,66.04,111.36,6.11,63.21,52.17,56.61,Acidic,groundnut
31.12,72.66,86.44,6.4,60.86,65.56,59.08,Acidic,groundnut
33.37,62.4,137.67,6.13,65.92,51.4,60.98,Acidic,groundnut
33.34,62.93,74.89,6.26,58.73,55.59,53.54,Acidic,groundnut
30.73,61.86,69.71,6.13,57.9,51.41,50.16,Acidic,groundnut
30.35,74.3,69.71,6.36,57.9,64.82,53.07,Acidic,groundnut
30.67,64.33,78.69,6.23,58.62,55.14,53.67,Peaty,groundnut
30.81,67.71,118.72,6.41,63.76,64.48,66.87,Acidic,groundnut
31.92,71.78,142.87,6.12,67.38,54.51,61.68,Acidic,groundnut
28.41,81.21,170.33,8.06,71.81,52.93,61.37,Peaty,sugarcane
26.45,83.64,168.48,7.14,70.71,148.39,144.93,Loamy,sugarcane
27.86,76.91,154.9,7.93,68.44,54.83,62.23,Peaty,sugarcane
26.61,84.59,131.7,7.63,66.48,70.13,67.76,Alkaline,sugarcane
25.34,76.25,164.47,5.53,67.52,45.52,54.88,Peaty,sugarcane
28.3,77.6,128.56,5.85,65.69,50.19,54.86,Peaty,sugarcane
25.97,84.45,159.65,5.33,69.45,45.2,52.77,Acidic,sugarcane
28.73,84.59,117.12,8.29,65.85,49.75,52.12,Peaty,sugarcane
27.88,81.76,111.45,7.45,64.11,84.94,73.28,Loamy,sugarcane
28.65,75.94,138.1,6.46,66.67,71.9,73.91,Peaty,sugarcane
28.4,77.87,154.59,7.63,69.0,67.23,72.85,Peaty,sugarcane
27.14,79.35,170.38,7.61,70.93,69.12,78.32,Peaty,sugarcane
26.96,78.86,144.11,7.39,67.02,91.14,89.66,Neutral,sugarcane
27.71,82.25,142.91,8.37,68.1,47.78,53.73,Peaty,sugarcane
29.35,77.94,148.82,5.52,68.91,45.76,53.37,Acidic,sugarcane
28.23,77.94,168.8,6.93,70.63,146.04,144.67,Neutral,sugarcane
29.64,76.16,153.02,8.37,69.23,46.71,54.92,Alkaline,sugarcane
28.7,80.0,139.26,7.0,67.77,141.14,144.93,Loamy,sugarcane
29.07,79.02,119.33,6.28,65.23,63.05,62.19,Acidic,sugarcane
25.75,84.59,104.95,5.22,62.75,44.25,50.28,Acidic,sugarcane
29.22,76.13,105.41,7.66,63.03,64.7,61.35,Alkaline,sugarcane
28.42,79.52,170.38,6.49,71.81,76.48,85.43,Acidic,sugarcane
28.82,83.95,160.14,6.03,71.52,55.99,62.03,Acidic,sugarcane
25.79,78.3,111.57,8.04,62.56,52.66,54.35,Peaty,sugarcane
26.02,79.54,109.21,6.26,62.56,62.34,59.74,Acidic,sugarcane
25.34,79.11,168.68,8.37,68.66,46.01,55.18,Peaty,sugarcane
27.98,84.58,136.72,7.6,67.97,71.96,70.14,Alkaline,sugarcane
25.7,78.48,130.86,7.98,64.66,54.08,57.85,Peaty,sugarcane
29.64,76.12,164.21,7.97,70.8,53.47,62.5,Peaty,sugarcane
27.77,83.62,168.58,5.22,71.74,43.86,52.4,Peaty,sugarcane
29.0,81.35,138.23,7.2,68.12,147.1,133.24,Loamy,sugarcane
26.93,80.64,123.31,5.27,64.88,44.02,50.28,Acidic,sugarcane
29.56,78.99,142.6,7.6,68.5,69.42,71.63,Peaty,sugarcane
25.34,78.7,143.63,7.82,65.85,58.79,63.35,Peaty,sugarcane
27.6,82.62,138.2,8.15,67.5,51.58,56.05,Peaty,sugarcane
26.74,81.19,167.07,6.71,70.16,114.66,117.43,Loamy,sugarcane
27.54,81.63,121.95,5.82,65.23,50.77,53.79,Peaty,sugarcane
25.34,82.55,116.34,5.81,63.52,50.73,52.99,Acidic,sugarcane
28.16,79.65,141.42,6.92,67.62,148.39,144.93,Loamy,sugarcane
27.68,79.43,170.38,7.09,71.23,141.71,144.86,Loamy,sugarcane
26.28,79.69,125.02,6.28,64.55,63.31,63.23,Acidic,sugarcane
27.75,83.01,139.62,6.99,67.87,143.81,140.23,Loamy,sugarcane
26.69,80.84,104.93,6.69,62.56,107.37,83.82,Loamy,sugarcane
27.22,78.67,119.72,6.4,64.24,69.5,66.72,Acidic,sugarcane
27.93,77.69,166.39,8.01,70.06,53.01,61.9,Peaty,sugarcane
27.42,80.92,147.14,7.96,68.14,55.37,60.51,Peaty,sugarcane
26.71,81.26,126.62,6.47,65.27,76.29,72.06,Acidic,sugarcane
28.84,83.41,104.93,6.32,63.81,66.86,60.29,Acidic,sugarcane
29.64,81.49,161.76,7.61,71.81,69.76,75.08,Peaty,sugarcane
26.97,78.35,105.38,7.63,62.56,67.07,62.16,Peaty,sugarcane
27.63,81.16,134.82,7.81,66.8,60.14,62.25,Peaty,sugarcane
29.52,75.94,168.4,5.38,70.92,44.05,53.88,Acidic,sugarcane
27.59,75.94,125.66,8.37,64.5,45.58,51.56,Peaty,sugarcane
27.25,76.72,104.93,8.03,62.56,52.25,53.49,Peaty,sugarcane
27.38,81.61,120.34,6.61,64.94,93.22,81.43,Neutral,sugarcane
29.64,79.89,168.95,6.12,71.81,57.2,65.57,Acidic,sugarcane
28.76,76.21,145.86,5.51,67.76,45.31,53.02,Acidic,sugarcane
29.6,84.59,137.37,5.39,69.11,45.77,51.38,Acidic,sugarcane
26.44,77.79,115.57,7.05,63.21,148.39,142.69,Neutral,sugarcane
25.65,75.94,138.16,5.24,64.78,43.86,50.47,Acidic,sugarcane
26.44,82.86,138.4,7.08,66.84,148.39,144.93,Loamy,sugarcane
26.43,84.09,125.4,5.22,65.48,43.86,50.28,Acidic,sugarcane
25.96,77.87,104.93,5.65,62.56,47.36,50.28,Acidic,sugarcane
27.23,79.31,140.63,8.28,66.87,48.54,54.61,Peaty,sugarcane
28.76,78.82,122.98,8.37,65.49,45.88,51.01,Alkaline,sugarcane
26.14,82.05,158.91,5.22,68.93,43.86,51.93,Acidic,sugarcane
25.91,79.1,133.51,5.77,65.2,49.33,54.5,Acidic,sugarcane
26.63,80.71,145.75,8.37,67.4,47.29,53.88,Alkaline,sugarcane
25.36,83.28,109.1,6.14,62.8,59.14,56.97,Peaty,sugarcane
26.21,84.58,161.68,8.3,69.91,49.52,56.59,Peaty,sugarcane
29.43,76.85,116.54,8.37,64.64,46.82,51.33,Peaty,sugarcane
25.34,81.47,166.96,5.29,68.96,44.33,53.05,Acidic,sugarcane
29.33,81.8,143.29,8.01,69.1,54.26,58.89,Alkaline,sugarcane
28.26,81.02,152.76,7.33,69.43,103.02,101.19,Loamy,sugarcane
29.64,79.09,115.84,6.48,65.25,75.7,69.75,Acidic,sugarcane
29.55,77.48,108.17,6.95,63.76,148.39,141.48,Loamy,sugarcane
28.48,80.6,160.78,8.2,70.5,50.09,57.81,Peaty,sugarcane
26.67,77.58,153.6,6.85,67.66,144.59,140.45,Loamy,sugarcane
28.04,77.87,149.83,6.13,68.17,56.73,62.86,Acidic,sugarcane
26.11,78.59,134.79,7.94,65.37,55.14,59.17,Peaty,sugarcane
27.98,80.41,170.38,8.37,71.81,47.55,56.93,Peaty,sugarcane
27.85,82.6,104.93,7.9,62.78,57.42,54.76,Peaty,sugarcane
26.43,81.12,158.19,7.42,68.84,87.34,89.69,Neutral,sugarcane
26.46,79.19,151.82,7.5,67.67,77.69,80.63,Loamy,sugarcane
25.58,81.73,153.29,6.87,67.8,141.51,144.93,Loamy,sugarcane
27.63,77.47,140.51,6.77,66.71,132.4,122.54,Loamy,sugarcane
27.28,84.59,152.89,6.02,69.6,55.99,60.88,Acidic,sugarcane
27.17,79.29,137.81,6.11,66.5,56.64,60.57,Acidic,sugarcane
29.63,82.62,162.41,6.57,71.81,88.17,90.82,Loamy,sugarcane
29.18,79.22,131.03,6.66,66.82,99.63,91.19,Neutral,sugarcane
25.76,76.88,132.07,5.22,64.53,43.86,50.28,Acidic,sugarcane
25.34,77.01,136.35,6.96,64.76,140.92,141.52,Neutral,sugarcane
28.7,80.16,144.87,5.22,68.52,43.86,50.28,Acidic,sugarcane
27.18,76.2,139.04,7.0,66.0,147.54,144.93,Neutral,sugarcane
28.06,75.94,170.38,7.7,70.28,62.36,72.45,Peaty,sugarcane
25.75,75.94,129.49,8.3,64.0,47.37,53.23,Peaty,sugarcane
27.09,79.88,147.82,7.63,67.77,68.22,71.44,Peaty,sugarcane
28.92,84.59,147.62,6.17,70.09,60.62,63.71,Acidic,sugarcane
28.59,84.26,117.93,6.98,65.78,148.38,140.36,Neutral,sugarcane
26.14,82.17,129.64,5.95,65.47,53.5,56.48,Peaty,sugarcane
29.48,63.2,71.89,7.45,57.44,71.71,61.09,Loamy,blackgram
26.73,68.14,67.15,7.04,56.8,144.93,147.08,Loamy,blackgram
26.27,62.29,70.23,7.42,56.39,74.63,62.37,Loamy,blackgram
34.04,67.21,73.24,6.54,58.9,70.48,59.6,Loamy,blackgram
28.04,65.07,72.5,6.81,57.35,135.18,92.08,Loamy,blackgram
28.81,65.34,62.26,7.58,56.51,63.71,54.28,Peaty,blackgram
34.04,64.29,66.86,7.71,58.13,57.1,52.76,Peaty,blackgram
33.86,61.57,68.02,6.57,57.88,73.31,61.27,Loamy,blackgram
32.84,68.68,73.67,7.54,58.9,67.89,58.06,Peaty,blackgram
27.1,63.36,73.85,6.54,57.04,71.4,61.44,Neutral,blackgram
25.66,61.18,69.29,7.22,56.04,111.92,81.23,Neutral,blackgram
32.35,66.61,64.56,7.55,57.73,66.25,55.61,Peaty,blackgram
29.59,68.32,67.53,6.93,57.58,146.26,147.08,Loamy,blackgram
30.91,68.79,66.64,7.71,57.87,57.6,52.76,Peaty,blackgram
28.13,64.21,70.86,6.71,57.11,95.63,72.19,Neutral,blackgram
30.09,69.1,67.14,6.67,57.78,92.71,66.98,Neutral,blackgram
31.74,62.51,68.97,7.33,57.6,86.42,67.67,Loamy,blackgram
27.81,62.5,69.76,7.6,56.74,61.42,55.58,Peaty,blackgram
32.89,64.59,71.51,7.71,58.44,57.43,53.49,Peaty,blackgram
29.36,64.99,61.91,7.37,56.56,83.19,62.52,Neutral,blackgram
27.83,67.59,74.01,6.92,57.73,144.16,147.08,Neutral,blackgram
28.5,60.45,74.22,7.19,57.17,126.6,93.21,Neutral,blackgram
27.74,68.54,71.79,7.08,57.58,143.64,147.08,Neutral,blackgram
30.42,67.66,63.02,6.74,57.21,109.42,72.88,Neutral,blackgram
27.33,69.09,61.7,6.73,56.42,105.78,69.83,Neutral,blackgram
30.28,61.69,65.63,6.63,56.81,79.79,63.54,Neutral,blackgram
28.57,61.53,63.5,7.13,56.2,146.26,106.63,Neutral,blackgram
25.65,66.64,65.82,7.54,56.18,67.12,56.29,Peaty,blackgram
34.14,65.27,70.14,7.16,58.89,141.59,97.6,Neutral,blackgram
25.65,67.73,74.22,6.86,57.05,142.36,110.76,Loamy,blackgram
32.48,64.35,65.82,7.4,57.64,78.6,62.1,Loamy,blackgram
33.86,68.59,69.24,6.88,58.9,145.1,117.1,Neutral,blackgram
25.65,60.44,70.89,6.58,56.02,73.26,62.57,Loamy,blackgram
31.78,69.02,61.7,7.3,57.49,99.72,67.6,Loamy,blackgram
34.14,63.6,64.73,6.97,57.98,146.24,144.17,Loamy,blackgram
31.74,68.64,62.31,7.24,57.54,115.39,74.45,Loamy,blackgram
27.16,66.76,69.85,6.92,57.04,140.83,147.07,Loamy,blackgram
26.24,67.89,73.59,7.5,57.28,70.36,59.44,Peaty,blackgram
30.2,60.44,66.37,7.15,56.69,146.26,98.12,Neutral,blackgram
31.56,67.84,74.22,7.14,58.9,146.26,112.86,Loamy,blackgram
29.68,69.09,65.66,6.81,57.48,137.97,85.61,Loamy,blackgram
27.05,67.7,61.7,7.39,56.15,81.6,60.48,Loamy,blackgram
34.14,61.39,72.43,7.7,58.56,57.1,53.81,Peaty,blackgram
33.39,62.94,63.57,6.6,57.42,77.55,61.35,Neutral,blackgram
28.84,63.37,70.25,6.73,57.13,101.59,75.27,Loamy,blackgram
31.49,63.06,71.48,6.54,57.89,69.51,59.91,Loamy,blackgram
25.65,63.95,63.18,7.71,56.02,57.12,52.76,Peaty,blackgram
34.14,69.1,70.27,6.6,58.9,81.84,63.23,Loamy,blackgram
34.14,63.11,61.7,7.4,57.33,76.91,59.96,Loamy,blackgram
29.43,64.94,72.18,7.52,57.67,67.68,58.61,Alkaline,blackgram
29.11,67.91,67.83,7.18,57.45,145.61,91.33,Loamy,blackgram
28.57,65.72,70.09,6.59,57.31,78.56,63.01,Neutral,blackgram
27.54,69.1,69.41,7.14,57.37,142.42,104.29,Neutral,blackgram
33.05,68.94,62.3,6.69,57.89,96.86,66.85,Loamy,blackgram
33.95,69.1,61.7,7.42,58.07,79.56,59.26,Neutral,blackgram
30.12,60.44,71.73,6.58,57.22,72.81,62.7,Loamy,blackgram
29.58,66.18,69.44,7.5,57.55,69.91,58.61,Neutral,blackgram
27.26,68.01,68.92,7.71,57.1,57.1,52.76,Alkaline,blackgram
31.36,64.25,63.86,7.32,57.15,89.76,66.4,Loamy,blackgram
31.52,66.56,61.71,7.58,57.19,64.39,54.17,Peaty,blackgram
29.4,64.26,67.48,7.11,57.08,146.26,122.96,Loamy,blackgram
29.38,64.15,65.24,7.36,56.83,83.61,64.23,Neutral,blackgram
28.39,61.89,74.22,7.41,57.25,75.82,64.43,Neutral,blackgram
28.47,63.54,69.53,6.54,56.99,68.13,58.55,Loamy,blackgram
30.64,61.15,71.37,7.17,57.43,139.56,96.83,Loamy,blackgram
25.65,61.37,68.65,7.26,56.02,100.32,74.96,Loamy,blackgram
32.97,60.44,73.45,7.59,58.1,60.78,56.69,Peaty,blackgram
33.67,66.6,67.33,7.53,58.39,67.36,56.78,Peaty,blackgram
32.84,68.0,73.4,7.25,58.9,111.27,78.99,Loamy,blackgram
27.46,62.9,69.46,6.54,56.66,68.8,59.04,Neutral,blackgram
25.69,69.1,74.22,7.12,57.44,145.34,122.05,Loamy,blackgram
30.03,64.15,71.21,7.57,57.62,63.49,56.53,Alkaline,blackgram
28.21,68.27,64.33,7.35,56.88,88.37,64.45,Neutral,blackgram
28.27,61.19,63.3,7.51,56.08,65.77,56.45,Peaty,blackgram
28.54,64.2,69.69,7.03,57.09,144.18,147.03,Loamy,blackgram
26.87,61.61,63.52,6.8,56.02,124.43,83.27,Loamy,blackgram
32.8,68.78,64.11,7.16,58.03,142.8,92.43,Loamy,blackgram
26.42,64.51,63.47,7.34,56.02,87.1,64.97,Neutral,blackgram
29.79,63.39,63.02,6.62,56.61,80.22,62.19,Neutral,blackgram
27.44,67.1,72.51,6.66,57.42,89.54,68.59,Loamy,blackgram
34.13,65.15,70.41,7.71,58.7,57.1,52.8,Peaty,blackgram
30.95,64.23,62.79,7.4,56.93,77.83,60.78,Loamy,blackgram
28.76,61.03,73.38,6.6,57.15,75.67,64.41,Loamy,blackgram
27.25,66.1,62.32,7.04,56.24,145.02,143.99,Loamy,blackgram
28.63,66.77,62.27,7.35,56.61,86.61,63.46,Loamy,blackgram
26.42,63.65,64.42,7.03,56.02,145.43,147.02,Loamy,blackgram
32.82,66.16,68.84,6.81,58.3,136.88,89.43,Loamy,blackgram
29.63,65.91,71.16,7.42,57.72,76.9,62.51,Neutral,blackgram
33.49,62.73,65.45,6.85,57.64,140.51,97.18,Loamy,blackgram
31.87,66.74,74.22,7.19,58.77,134.54,91.67,Neutral,blackgram
30.33,65.63,71.65,7.01,57.92,144.32,147.08,Neutral,blackgram
28.55,66.31,62.83,7.37,56.61,84.01,62.75,Loamy,blackgram
30.03,67.89,66.47,7.26,57.53,107.87,73.89,Neutral,blackgram
31.66,60.44,66.69,6.54,57.05,68.11,58.79,Loamy,blackgram
30.33,63.55,74.17,6.87,57.94,140.69,117.62,Neutral,blackgram
33.37,65.68,64.9,6.87,57.9,144.0,108.75,Loamy,blackgram
31.43,62.99,64.78,7.71,57.13,57.1,52.76,Peaty,blackgram
27.72,63.29,68.57,6.78,56.68,117.03,81.91,Neutral,blackgram
32.64,61.3,61.84,7.33,56.87,86.24,65.22,Neutral,blackgram
32.75,67.78,63.38,7.45,57.82,74.79,58.61,Loamy,blackgram
36.21,57.93,122.65,6.03,64.41,47.95,56.89,Acidic,pigeonpeas
36.21,62.73,163.73,5.27,68.3,40.87,52.61,Peaty,pigeonpeas
29.24,59.39,103.33,5.99,59.97,47.57,53.58,Acidic,pigeonpeas
27.34,43.36,142.33,6.09,59.37,44.32,60.9,Acidic,pigeonpeas
21.06,55.47,184.62,5.62,61.98,42.1,57.9,Acidic,pigeonpeas
30.33,42.35,149.3,6.45,60.66,52.94,75.94,Acidic,pigeonpeas
31.8,45.03,147.04,5.62,61.7,39.81,54.24,Acidic,pigeonpeas
33.18,38.23,195.58,5.86,64.01,40.1,63.35,Acidic,pigeonpeas
29.39,63.48,94.4,5.76,59.33,45.38,49.7,Acidic,pigeonpeas
30.27,66.71,127.78,4.7,64.48,38.78,47.4,Acidic,pigeonpeas
35.46,66.71,108.63,5.27,64.71,41.92,48.37,Peaty,pigeonpeas
33.8,40.03,176.62,7.17,63.28,56.96,92.87,Loamy,pigeonpeas
28.69,49.47,96.36,5.83,57.6,42.72,51.01,Acidic,pigeonpeas
31.24,56.67,122.01,7.17,62.0,80.11,87.94,Loamy,pigeonpeas
28.98,57.23,120.74,6.35,61.13,56.33,64.69,Acidic,pigeonpeas
27.32,34.14,96.52,4.7,55.51,34.65,46.38,Acidic,pigeonpeas
21.48,38.8,180.38,4.96,58.35,35.71,51.81,Acidic,pigeonpeas
19.03,34.7,107.47,4.96,55.51,35.11,47.04,Peaty,pigeonpeas
36.21,37.74,161.48,5.64,62.52,38.34,55.86,Acidic,pigeonpeas
24.8,40.12,121.56,5.61,56.72,38.66,51.66,Acidic,pigeonpeas
19.35,55.97,194.59,4.68,61.71,37.24,51.19,Acidic,pigeonpeas
28.88,50.12,179.22,5.71,64.41,41.65,58.52,Acidic,pigeonpeas
19.54,47.19,192.44,6.41,59.86,54.14,83.75,Peaty,pigeonpeas
24.77,50.55,114.28,6.01,57.95,45.28,55.35,Peaty,pigeonpeas
19.03,38.41,139.65,4.95,55.51,35.61,49.07,Acidic,pigeonpeas
19.15,45.37,132.77,5.52,56.41,39.18,51.94,Acidic,pigeonpeas
28.23,49.44,186.5,5.9,64.46,43.51,62.65,Acidic,pigeonpeas
30.12,34.13,157.09,5.72,58.97,38.0,56.36,Acidic,pigeonpeas
33.41,35.43,139.67,4.67,59.19,34.65,47.6,Acidic,pigeonpeas
24.19,46.69,177.34,6.67,61.12,72.38,111.55,Neutral,pigeonpeas
26.89,41.7,94.47,4.75,55.88,35.56,46.38,Acidic,pigeonpeas
31.33,57.97,161.78,4.95,66.33,38.47,50.5,Acidic,pigeonpeas
33.31,66.71,108.51,5.27,63.47,41.61,48.34,Acidic,pigeonpeas
23.45,46.49,150.87,7.11,59.14,142.41,141.18,Loamy,pigeonpeas
34.54,39.04,168.59,5.62,62.63,38.47,56.25,Acidic,pigeonpeas
19.5,34.51,195.58,5.63,57.38,37.57,59.24,Peaty,pigeonpeas
28.77,37.58,94.4,4.67,55.51,34.85,46.38,Acidic,pigeonpeas
30.98,32.45,180.72,7.16,60.03,89.8,144.98,Loamy,pigeonpeas
19.03,36.83,94.4,6.62,55.51,59.46,73.11,Loamy,pigeonpeas
35.09,32.45,116.91,5.0,57.06,34.66,47.81,Acidic,pigeonpeas
34.93,32.45,159.26,6.35,59.4,43.94,72.46,Acidic,pigeonpeas
29.51,35.72,187.9,6.22,61.0,43.68,71.99,Acidic,pigeonpeas
34.52,47.53,129.01,5.92,61.76,43.22,55.95,Acidic,pigeonpeas
28.43,52.1,147.04,6.01,62.1,45.83,59.86,Acidic,pigeonpeas
19.03,34.81,163.27,4.68,55.81,34.65,49.4,Acidic,pigeonpeas
31.08,47.2,94.4,7.08,57.44,144.95,144.86,Neutral,pigeonpeas
20.89,46.25,195.57,6.21,60.5,47.54,72.96,Peaty,pigeonpeas
30.91,52.8,170.99,7.05,65.5,144.95,144.98,Loamy,pigeonpeas
27.93,66.45,145.37,4.72,64.99,38.75,48.51,Acidic,pigeonpeas
35.95,36.53,136.05,6.42,59.93,48.83,71.17,Acidic,pigeonpeas
19.54,56.93,173.17,4.8,60.7,37.78,50.51,Peaty,pigeonpeas
19.64,32.45,176.41,4.67,56.22,34.65,49.84,Acidic,pigeonpeas
31.22,56.47,129.2,5.61,62.65,42.2,52.41,Peaty,pigeonpeas
33.51,45.71,126.67,7.17,60.78,72.57,92.44,Loamy,pigeonpeas
24.81,45.01,188.49,5.02,61.69,36.83,52.71,Acidic,pigeonpeas
36.21,32.45,191.07,5.62,62.28,36.93,58.42,Acidic,pigeonpeas
30.5,35.49,162.59,5.39,59.78,36.62,53.48,Acidic,pigeonpeas
26.02,49.95,160.33,5.91,61.57,43.7,59.55,Peaty,pigeonpeas
31.48,35.64,100.55,6.57,56.27,55.11,71.49,Neutral,pigeonpeas
33.15,32.46,105.04,4.81,56.28,34.65,46.39,Acidic,pigeonpeas
23.5,51.29,192.3,4.76,62.88,36.87,51.45,Peaty,pigeonpeas
34.87,38.84,148.25,5.18,61.15,36.4,50.86,Peaty,pigeonpeas
28.09,44.93,195.58,4.9,63.82,36.41,52.49,Peaty,pigeonpeas
24.55,57.34,118.36,6.44,59.26,60.51,67.99,Acidic,pigeonpeas
33.65,48.41,100.47,7.07,59.09,144.95,140.93,Loamy,pigeonpeas
20.56,60.55,191.09,6.66,63.22,82.79,114.05,Neutral,pigeonpeas
19.96,59.33,195.58,5.98,62.88,47.5,65.66,Acidic,pigeonpeas
28.88,62.49,182.27,5.46,68.27,42.16,55.76,Acidic,pigeonpeas
36.04,43.61,159.89,4.76,63.96,35.84,49.52,Acidic,pigeonpeas
23.67,47.29,141.13,7.17,58.78,71.43,94.95,Loamy,pigeonpeas
25.75,40.72,100.78,4.82,55.87,35.61,46.38,Peaty,pigeonpeas
31.09,66.69,175.93,6.24,68.3,56.4,70.95,Acidic,pigeonpeas
19.03,61.33,139.87,5.0,58.93,39.2,49.33,Acidic,pigeonpeas
29.5,63.47,189.52,5.56,68.3,43.22,57.55,Acidic,pigeonpeas
20.44,39.37,137.23,4.75,56.13,35.24,48.12,Acidic,pigeonpeas
36.0,56.01,134.86,7.17,65.11,83.6,97.35,Neutral,pigeonpeas
31.47,35.39,174.57,5.66,60.8,37.93,57.39,Acidic,pigeonpeas
36.21,56.03,101.61,4.67,61.48,37.22,46.38,Peaty,pigeonpeas
29.49,66.71,153.25,6.47,66.85,68.12,78.69,Acidic,pigeonpeas
30.58,34.76,177.58,5.38,60.48,36.46,54.66,Peaty,pigeonpeas
24.69,59.97,94.4,5.86,57.57,45.78,50.75,Acidic,pigeonpeas
23.17,36.68,162.59,6.96,57.68,144.95,143.78,Loamy,pigeonpeas
19.04,33.11,155.37,6.12,55.51,41.31,63.59,Acidic,pigeonpeas
29.32,45.93,165.41,6.42,62.38,53.83,78.14,Acidic,pigeonpeas
34.65,54.32,180.9,4.83,68.3,37.51,51.11,Acidic,pigeonpeas
22.0,56.31,136.83,6.99,59.42,144.95,142.53,Neutral,pigeonpeas
23.0,60.24,159.69,4.67,62.29,37.54,48.88,Acidic,pigeonpeas
30.56,35.29,178.9,6.98,60.72,144.95,144.98,Loamy,pigeonpeas
31.46,48.18,165.41,7.06,63.93,140.36,144.98,Neutral,pigeonpeas
25.95,40.58,109.18,5.17,56.39,36.64,47.93,Acidic,pigeonpeas
21.01,66.71,185.2,5.11,65.07,41.07,53.08,Acidic,pigeonpeas
19.25,47.7,149.06,5.37,57.61,38.8,52.23,Acidic,pigeonpeas
19.24,50.54,180.65,5.67,59.76,41.41,58.13,Acidic,pigeonpeas
22.47,62.57,96.75,5.67,57.56,44.09,49.68,Acidic,pigeonpeas
36.21,58.26,124.6,6.08,64.82,48.98,58.05,Acidic,pigeonpeas
29.89,66.35,195.58,6.93,68.3,142.53,144.98,Neutral,pigeonpeas
29.38,44.82,172.4,6.84,62.61,115.51,140.31,Loamy,pigeonpeas
29.65,42.9,186.92,6.88,63.21,134.27,144.66,Neutral,pigeonpeas
19.54,66.35,173.11,6.15,62.47,53.45,67.19,Acidic,pigeonpeas
20.05,48.94,122.46,4.67,56.67,36.04,46.71,Acidic,pigeonpeas
17.16,16.99,88.55,7.49,51.42,40.49,64.29,Neutral,chickpea
19.02,17.13,79.93,6.92,51.45,74.41,140.96,Loamy,chickpea
17.89,15.41,68.55,6.18,51.05,34.61,49.11,Acidic,chickpea
18.87,15.66,88.51,6.39,51.45,37.72,59.38,Acidic,chickpea
18.37,19.56,79.26,7.15,51.58,68.41,109.16,Loamy,chickpea
20.45,15.4,92.68,6.18,51.62,34.57,52.22,Acidic,chickpea
20.65,16.61,74.66,6.23,51.42,36.48,52.95,Acidic,chickpea
17.33,18.75,82.62,7.55,51.49,40.21,60.0,Alkaline,chickpea
18.18,18.9,81.85,7.01,51.56,74.41,140.96,Loamy,chickpea
18.01,18.31,81.99,8.74,51.5,33.13,46.23,Alkaline,chickpea
20.72,19.33,93.36,8.72,51.8,33.38,47.26,Alkaline,chickpea
19.46,15.23,74.59,7.98,51.23,34.68,50.18,Peaty,chickpea
19.81,14.7,78.97,6.52,51.28,39.1,61.73,Neutral,chickpea
18.97,19.52,80.71,8.49,51.66,33.93,47.22,Peaty,chickpea
18.2,14.71,70.18,6.58,51.04,40.42,62.09,Loamy,chickpea
18.73,19.18,71.58,6.48,51.43,41.1,58.42,Acidic,chickpea
20.72,19.69,73.51,7.97,51.7,36.16,50.14,Peaty,chickpea
20.28,16.4,82.52,8.14,51.52,34.31,49.64,Peaty,chickpea
17.48,15.76,68.47,7.23,51.04,50.64,79.0,Loamy,chickpea
20.72,14.42,90.46,6.49,51.5,38.47,63.77,Peaty,chickpea
17.16,16.15,71.31,7.53,51.09,39.16,57.99,Alkaline,chickpea
20.09,15.11,85.75,7.7,51.45,36.46,56.3,Peaty,chickpea
17.57,15.0,89.31,8.52,51.31,33.02,47.83,Peaty,chickpea
19.12,18.43,85.53,6.62,51.67,44.59,70.08,Neutral,chickpea
18.58,19.22,72.95,8.1,51.45,35.22,48.81,Peaty,chickpea
17.17,14.42,72.33,6.2,51.04,35.44,52.12,Acidic,chickpea
18.29,16.68,74.87,6.18,51.27,35.27,50.52,Peaty,chickpea
19.03,18.67,93.36,7.69,51.8,38.1,58.28,Peaty,chickpea
17.16,17.07,83.75,7.83,51.36,36.17,53.47,Peaty,chickpea
17.48,17.93,78.92,6.76,51.37,52.57,84.14,Neutral,chickpea
20.57,14.42,83.76,6.65,51.36,42.38,72.32,Loamy,chickpea
17.22,15.82,76.58,6.18,51.16,35.45,51.73,Acidic,chickpea
19.69,19.44,91.76,8.74,51.8,33.19,46.69,Alkaline,chickpea
17.85,19.09,76.32,8.62,51.44,33.53,46.28,Peaty,chickpea
18.82,16.11,89.73,8.2,51.51,34.01,49.93,Peaty,chickpea
17.48,16.54,93.35,6.18,51.5,36.06,55.19,Acidic,chickpea
18.73,17.58,81.2,7.98,51.49,35.39,51.06,Alkaline,chickpea
18.66,16.18,81.71,7.86,51.37,35.62,52.62,Peaty,chickpea
18.24,19.69,83.75,6.97,51.67,74.41,140.95,Neutral,chickpea
18.81,15.22,77.54,6.21,51.23,35.75,53.03,Acidic,chickpea
18.65,17.81,77.93,8.74,51.44,33.02,46.23,Peaty,chickpea
20.37,16.9,82.25,8.74,51.57,33.02,46.23,Peaty,chickpea
18.38,16.64,70.52,8.74,51.2,33.02,46.23,Peaty,chickpea
17.17,17.3,72.79,8.08,51.2,34.8,48.98,Peaty,chickpea
19.37,15.77,85.25,6.18,51.45,35.49,53.19,Acidic,chickpea
17.93,14.42,85.37,7.5,51.21,38.62,62.92,Neutral,chickpea
19.45,18.23,75.63,8.38,51.49,33.96,47.31,Peaty,chickpea
19.13,14.92,89.62,6.29,51.42,36.3,56.82,Peaty,chickpea
19.1,17.26,75.49,6.59,51.38,42.53,64.36,Neutral,chickpea
17.49,16.96,86.05,6.9,51.42,74.41,140.96,Loamy,chickpea
19.41,18.98,80.25,7.81,51.64,37.06,53.26,Peaty,chickpea
20.19,19.64,78.26,7.15,51.72,69.1,109.25,Loamy,chickpea
17.3,15.15,75.58,6.65,51.1,42.96,68.73,Neutral,chickpea
17.5,15.48,72.94,7.78,51.1,35.96,52.49,Alkaline,chickpea
18.17,14.7,90.78,6.36,51.35,36.88,58.87,Peaty,chickpea
17.57,16.72,77.82,8.26,51.27,33.99,48.26,Peaty,chickpea
20.72,18.91,78.07,6.46,51.72,40.43,59.14,Acidic,chickpea
19.71,17.64,85.58,6.61,51.65,43.68,69.49,Neutral,chickpea
19.08,17.87,69.41,8.17,51.31,34.6,47.94,Peaty,chickpea
18.55,16.03,76.33,7.65,51.26,37.41,55.69,Peaty,chickpea
18.2,17.41,80.64,6.55,51.42,41.5,63.68,Neutral,chickpea
18.89,14.99,80.11,7.1,51.26,73.16,140.96,Loamy,chickpea
18.49,14.72,91.95,7.36,51.39,42.33,74.23,Neutral,chickpea
19.49,17.17,87.51,6.47,51.63,39.79,62.18,Peaty,chickpea
17.26,18.75,93.36,7.84,51.69,36.69,54.92,Alkaline,chickpea
19.62,18.71,88.46,7.06,51.8,74.41,140.96,Neutral,chickpea
20.68,19.69,84.78,7.6,51.8,39.94,58.87,Alkaline,chickpea
20.02,16.63,68.98,6.72,51.28,47.54,72.34,Neutral,chickpea
20.12,14.44,88.68,6.82,51.43,53.69,104.66,Loamy,chickpea
20.66,15.85,68.47,7.99,51.19,34.82,48.83,Alkaline,chickpea
19.26,14.42,68.47,7.55,51.04,37.86,56.09,Alkaline,chickpea
17.93,15.86,74.64,7.73,51.18,36.53,53.65,Alkaline,chickpea
19.16,15.84,82.7,7.35,51.39,43.38,71.06,Loamy,chickpea
20.27,19.69,69.64,7.31,51.57,49.13,69.66,Loamy,chickpea
17.16,18.25,87.27,7.79,51.51,36.97,54.82,Alkaline,chickpea
17.16,17.54,70.87,6.31,51.18,37.59,53.64,Acidic,chickpea
20.63,14.44,92.07,6.4,51.52,37.27,60.6,Peaty,chickpea
20.72,17.85,79.21,7.6,51.64,38.94,57.62,Peaty,chickpea
19.46,18.73,68.81,7.22,51.39,55.89,82.28,Neutral,chickpea
17.18,16.43,72.85,7.56,51.14,38.78,57.31,Peaty,chickpea
17.49,16.39,79.46,7.49,51.27,40.04,61.64,Loamy,chickpea
17.48,14.76,68.47,6.61,51.04,41.35,62.24,Loamy,chickpea
19.48,17.45,80.5,7.48,51.52,40.98,62.51,Neutral,chickpea
19.71,18.1,73.64,7.33,51.46,46.68,70.17,Neutral,chickpea
19.49,16.06,81.53,6.49,51.42,39.44,61.29,Acidic,chickpea
19.95,14.83,88.68,7.79,51.46,35.66,55.04,Alkaline,chickpea
19.42,16.8,68.5,6.41,51.24,38.52,55.44,Acidic,chickpea
19.46,18.02,78.45,8.42,51.53,33.8,47.35,Peaty,chickpea
20.19,16.42,77.34,8.72,51.42,33.02,46.23,Peaty,chickpea
18.84,14.74,93.36,7.81,51.46,35.45,55.56,Peaty,chickpea
20.71,19.69,93.36,6.32,51.8,38.71,58.36,Acidic,chickpea
18.99,15.94,78.7,7.11,51.32,71.79,131.72,Neutral,chickpea
19.97,15.57,69.16,8.14,51.19,34.11,48.12,Peaty,chickpea
17.82,17.61,90.82,7.71,51.58,37.4,56.96,Peaty,chickpea
20.71,15.28,76.78,7.1,51.35,74.16,138.63,Neutral,chickpea
17.34,18.76,68.47,8.74,51.23,33.02,46.23,Peaty,chickpea
17.44,14.42,73.09,7.86,51.04,35.0,51.32,Peaty,chickpea
18.9,19.69,69.1,7.45,51.43,43.1,60.35,Loamy,chickpea
18.59,14.78,89.61,7.17,51.37,56.38,111.08,Loamy,chickpea
18.32,15.36,81.79,7.26,51.28,47.51,81.44,Loamy,chickpea
30.0,81.54,67.13,6.11,59.12,57.56,50.08,Acidic,grapes
30.73,82.43,68.38,6.09,59.62,57.24,50.04,Acidic,grapes
32.45,83.72,68.74,5.9,60.39,52.8,48.3,Acidic,grapes
37.47,80.66,66.84,6.16,61.22,58.65,50.55,Acidic,grapes
22.03,83.72,65.52,5.73,56.7,49.82,46.87,Peaty,grapes
39.65,82.21,70.4,6.25,62.75,63.02,52.57,Acidic,grapes
16.78,82.75,66.76,6.11,55.15,57.78,49.96,Acidic,grapes
12.14,83.57,69.63,5.65,53.93,48.53,46.86,Acidic,grapes
12.76,81.62,66.78,6.13,53.86,58.16,50.24,Acidic,grapes
39.04,80.18,73.88,6.48,62.85,76.94,57.01,Peaty,grapes
39.71,82.69,74.41,5.56,63.18,47.16,46.91,Acidic,grapes
9.94,82.29,66.03,5.8,53.1,50.58,47.34,Acidic,grapes
29.59,80.92,68.06,5.57,59.05,47.03,46.44,Acidic,grapes
17.83,80.96,65.85,6.28,55.28,63.53,52.12,Peaty,grapes
9.94,82.9,67.24,5.56,53.1,47.03,46.44,Acidic,grapes
27.83,83.51,73.03,6.21,59.43,61.64,52.3,Acidic,grapes
11.02,80.56,68.24,5.87,53.37,51.4,48.06,Peaty,grapes
17.59,80.85,71.41,6.33,55.64,66.46,54.31,Acidic,grapes
19.89,82.73,69.66,5.86,56.37,51.71,48.12,Acidic,grapes
29.94,81.78,65.52,5.9,58.91,52.28,47.93,Acidic,grapes
36.73,80.59,72.24,5.78,61.88,49.75,47.87,Peaty,grapes
20.42,81.54,66.93,5.93,56.19,52.89,48.35,Acidic,grapes
25.52,83.72,69.17,6.23,58.24,62.66,51.96,Acidic,grapes
30.51,82.72,70.08,5.59,59.83,47.65,46.65,Acidic,grapes
18.43,80.56,69.76,5.57,55.75,47.03,46.5,Acidic,grapes
12.09,83.59,68.67,5.93,53.85,53.48,48.57,Acidic,grapes
23.6,82.48,73.24,6.42,57.92,72.9,56.93,Acidic,grapes
12.8,81.21,67.1,6.42,53.88,71.82,55.36,Acidic,grapes
38.06,82.25,65.7,6.23,61.43,62.25,51.45,Acidic,grapes
39.07,82.04,69.31,6.0,62.34,54.63,49.25,Acidic,grapes
33.78,81.16,74.41,5.69,61.35,48.52,47.56,Acidic,grapes
16.76,82.0,73.29,5.66,55.6,48.39,47.3,Acidic,grapes
35.89,82.67,66.54,6.36,60.97,68.64,53.82,Acidic,grapes
21.01,81.18,66.38,6.12,56.29,57.66,50.05,Acidic,grapes
10.9,80.12,68.69,6.21,53.33,60.29,51.56,Peaty,grapes
16.36,83.0,71.56,6.48,55.4,76.94,57.01,Acidic,grapes
20.28,81.32,71.07,5.82,56.51,50.63,48.01,Peaty,grapes
25.11,83.25,73.01,6.33,58.48,67.03,54.43,Acidic,grapes
33.46,83.72,67.92,5.56,60.59,47.51,46.44,Acidic,grapes
11.8,80.86,65.52,6.48,53.45,76.94,56.92,Peaty,grapes
11.36,80.12,71.18,6.12,53.6,57.19,50.75,Acidic,grapes
25.24,80.69,67.04,5.7,57.58,48.56,46.85,Acidic,grapes
15.99,81.24,74.4,5.73,55.37,49.26,47.84,Acidic,grapes
22.44,80.19,65.52,6.33,56.54,65.88,53.0,Acidic,grapes
34.76,81.04,65.7,6.17,60.28,59.18,50.52,Acidic,grapes
31.11,83.34,71.43,5.65,60.29,48.57,47.07,Acidic,grapes
28.58,80.96,73.34,5.84,59.43,50.94,48.43,Peaty,grapes
40.69,81.02,68.69,5.56,62.73,47.03,46.44,Acidic,grapes
27.03,83.17,70.96,5.83,58.86,51.39,48.11,Peaty,grapes
21.19,82.33,74.41,6.4,57.23,71.13,56.57,Acidic,grapes
10.38,83.45,67.39,6.14,53.24,59.07,50.44,Acidic,grapes
31.31,82.56,65.52,5.97,59.34,54.11,48.44,Acidic,grapes
20.47,80.98,71.3,6.46,56.56,74.66,57.01,Acidic,grapes
29.37,81.54,66.13,6.34,58.8,66.86,53.29,Acidic,grapes
10.72,80.12,65.52,6.43,53.11,71.78,55.15,Acidic,grapes
14.98,80.5,71.63,6.29,54.8,64.23,53.54,Acidic,grapes
15.32,81.67,71.6,6.48,54.98,76.92,57.01,Acidic,grapes
18.74,81.12,73.56,5.93,56.21,52.78,49.18,Peaty,grapes
19.36,83.36,67.15,5.98,56.02,54.53,48.78,Acidic,grapes
40.69,81.61,65.9,6.39,62.31,70.12,54.4,Acidic,grapes
33.34,82.51,70.68,5.69,60.8,48.94,47.21,Acidic,grapes
23.82,80.12,67.27,6.0,57.13,54.11,49.0,Acidic,grapes
40.66,81.25,74.03,6.37,63.18,68.87,55.74,Acidic,grapes
11.83,80.28,74.1,5.56,53.91,47.03,46.64,Acidic,grapes
13.29,83.54,65.8,5.7,54.06,49.27,46.75,Acidic,grapes
35.83,83.33,73.68,5.78,62.22,50.47,48.04,Acidic,grapes
26.18,81.04,66.06,6.32,57.79,65.52,52.87,Acidic,grapes
24.58,80.71,69.71,5.97,57.68,53.55,49.04,Acidic,grapes
29.67,83.71,66.48,5.89,59.17,52.65,47.99,Acidic,grapes
39.37,81.25,74.08,6.13,63.17,58.01,51.35,Acidic,grapes
17.67,82.93,69.87,6.31,55.69,66.22,53.56,Acidic,grapes
24.07,82.66,69.82,6.05,57.72,56.21,49.84,Acidic,grapes
15.31,80.12,74.41,5.8,55.1,50.1,48.35,Acidic,grapes
21.77,80.55,69.4,6.4,56.76,70.32,55.44,Acidic,grapes
26.92,80.77,69.31,5.95,58.37,53.16,48.83,Acidic,grapes
40.69,82.22,74.2,5.61,63.18,47.74,47.11,Acidic,grapes
17.99,81.18,72.37,5.78,55.87,49.92,47.89,Acidic,grapes
29.12,82.79,68.85,5.68,59.22,48.85,46.97,Acidic,grapes
34.39,83.18,71.03,5.86,61.29,51.97,48.34,Acidic,grapes
40.69,82.8,69.92,6.44,63.18,74.71,56.78,Peaty,grapes
35.12,82.27,69.72,5.56,61.19,47.03,46.44,Acidic,grapes
19.65,80.15,73.7,6.11,56.45,56.95,51.01,Acidic,grapes
16.28,82.94,66.57,5.62,54.99,48.04,46.44,Peaty,grapes
21.12,80.63,69.28,6.35,56.55,67.21,54.21,Acidic,grapes
19.21,82.9,66.83,6.48,55.91,76.94,57.01,Acidic,grapes
25.96,82.58,70.32,5.84,58.38,51.33,48.07,Acidic,grapes
25.67,81.62,74.11,6.29,58.63,64.54,53.94,Acidic,grapes
40.69,81.16,73.07,5.64,63.18,47.88,47.15,Acidic,grapes
11.19,80.81,66.34,6.42,53.33,71.48,55.14,Acidic,grapes
17.54,82.95,73.77,6.32,55.96,66.8,54.54,Acidic,grapes
13.06,80.28,70.76,5.76,54.12,49.38,47.59,Peaty,grapes
9.94,83.72,74.41,6.16,53.37,59.86,51.8,Acidic,grapes
27.92,82.93,69.92,5.73,58.99,49.65,47.36,Acidic,grapes
9.94,80.73,69.44,5.91,53.1,52.19,48.48,Acidic,grapes
13.43,80.12,71.4,6.36,54.27,67.6,54.9,Acidic,grapes
9.94,80.23,68.43,5.97,53.1,53.26,48.82,Acidic,grapes
24.97,82.73,66.7,6.48,57.66,76.94,57.0,Acidic,grapes
27.24,82.95,70.43,6.22,58.84,62.09,52.11,Peaty,grapes
18.71,83.48,66.6,6.21,55.78,61.7,51.24,Acidic,grapes
9.95,82.55,66.01,5.84,53.1,51.37,47.59,Acidic,grapes
